REGゲーム数,当該REGゲーム数,REG枚数,ATゲーム数,AT枚数,朝イチ,スルー回数,AT間ゲーム数,前回AT当選ゲーム数,前回AT獲得枚数,前回差枚数,前回連荘数,前回種別,機種別条件,前回REG当選ゲーム数,前回REG獲得枚数
692,692,0,127,356,1,0,0,0,0,1,0,下位,0,0,0
1204,1204,0,180,498,0,0,0,692,356,-759,1,下位,0,0,0
41,41,0,108,303,0,0,0,1204,498,-2203,2,下位,0,0,0
26,26,0,97,271,0,0,0,41,303,-1966,1,下位,0,0,0
41,41,0,526,1448,0,0,0,26,271,-1737,1,下位,0,0,0
299,299,0,108,301,0,0,0,41,1448,-355,5,下位,0,0,0
1207,1207,0,105,295,0,0,0,299,301,-536,1,下位,0,0,0
266,266,0,148,413,0,0,0,1207,295,-2188,1,下位,0,0,0
263,263,0,243,664,0,0,0,266,413,-2204,1,下位,0,0,0
603,603,0,85,238,1,0,0,0,0,1,0,下位,0,0,0
116,116,0,136,381,0,0,0,603,238,-734,1,下位,0,0,0
20,20,0,137,380,0,0,0,116,381,-540,1,下位,0,0,0
332,332,0,79,221,0,0,0,20,380,-192,2,下位,0,0,0
514,514,0,256,711,0,0,0,332,221,-506,1,下位,0,0,0
131,131,0,399,1102,0,0,0,514,711,-624,2,下位,0,0,0
631,631,0,231,642,0,0,0,131,1102,267,4,下位,0,0,0
135,135,0,577,1591,1,0,0,0,0,1,0,下位,0,0,0
632,632,0,108,302,0,0,0,135,1591,1374,6,下位,0,0,0
168,168,0,97,272,0,0,0,632,302,657,1,下位,0,0,0
266,266,0,125,349,0,0,0,168,272,658,1,下位,0,0,0
131,131,0,300,831,0,0,0,266,349,578,1,下位,0,0,0
154,154,0,786,2128,0,0,0,131,831,1198,3,下位,0,0,0
35,35,0,232,643,0,0,0,154,2128,644,6,下位,0,0,0
328,328,0,275,758,0,0,0,35,643,1231,2,下位,0,0,0
1202,1202,0,652,1802,0,0,0,328,758,1460,3,下位,0,0,0
902,902,0,114,319,1,0,0,0,0,1,0,下位,0,0,0
42,42,0,135,379,0,0,0,902,319,-1135,1,下位,0,0,0
59,59,0,90,253,0,0,0,42,379,-824,1,下位,0,0,0
49,49,0,240,666,0,0,0,59,253,-666,1,下位,0,0,0
299,299,0,101,282,0,0,0,49,666,-79,2,下位,0,0,0
301,301,0,212,589,0,0,0,299,282,-279,1,下位,0,0,0
131,131,0,222,616,0,0,0,301,589,-175,2,下位,0,0,0
189,189,0,50,139,0,0,0,131,616,230,2,下位,0,0,0
738,738,0,91,256,1,0,0,0,0,1,0,下位,0,0,0
168,168,0,96,270,0,0,0,738,256,-933,1,下位,0,0,0
84,84,0,102,285,0,0,0,168,270,-934,1,下位,0,0,0
89,89,0,129,360,0,0,0,84,285,-784,1,下位,0,0,0
386,386,0,115,322,0,0,0,89,360,-568,1,下位,0,0,0
872,872,0,197,547,0,0,0,386,322,-869,1,下位,0,0,0
535,535,0,112,313,0,0,0,872,547,-1728,2,下位,0,0,0
631,631,0,84,235,0,0,0,535,313,-2278,1,下位,0,0,0
131,131,0,194,539,1,0,0,0,0,1,0,下位,0,0,0
239,239,0,59,166,0,0,0,131,539,329,2,下位,0,0,0
137,137,0,107,299,0,0,0,239,166,110,1,下位,0,0,0
25,25,0,297,821,1,0,0,0,0,1,0,下位,0,0,0
883,883,0,206,572,0,0,0,25,821,782,3,下位,0,0,0
327,327,0,109,305,0,0,0,883,572,-70,2,下位,0,0,0
33,33,0,251,693,0,0,0,327,305,-292,1,下位,0,0,0
768,768,0,426,1179,0,0,0,33,693,348,3,下位,0,0,0
210,210,0,402,1113,1,0,0,0,0,1,0,下位,0,0,0
115,115,0,187,520,1,0,0,0,0,1,0,下位,0,0,0
86,86,0,1108,3012,1,0,0,0,0,1,0,下位,0,0,0
305,305,0,122,342,0,0,0,86,3012,467,10,下位,0,0,0
332,332,0,308,851,0,0,0,305,342,317,1,下位,0,0,0
489,489,0,105,294,0,0,0,332,851,633,3,下位,0,0,0
631,631,0,225,624,1,0,0,0,0,1,0,下位,0,0,0
308,308,0,348,966,0,0,0,631,624,-393,2,下位,0,0,0
77,77,0,1438,3875,0,0,0,308,966,76,3,下位,0,0,0
403,403,0,177,489,1,0,0,0,0,1,0,下位,0,0,0
226,226,0,74,207,0,0,0,403,489,-160,2,下位,0,0,0
276,276,0,219,607,0,0,0,226,207,-318,1,下位,0,0,0
249,249,0,83,232,0,0,0,276,607,-156,2,下位,0,0,0
132,132,0,110,307,0,0,0,249,232,-326,1,下位,0,0,0
225,225,0,303,840,1,0,0,0,0,1,0,下位,0,0,0
115,115,0,99,276,0,0,0,225,840,478,3,下位,0,0,0
31,31,0,80,224,0,0,0,115,276,569,1,下位,0,0,0
163,163,0,128,359,0,0,0,31,224,743,1,下位,0,0,0
1201,1201,0,315,871,0,0,0,163,359,839,1,下位,0,0,0
258,258,0,98,274,0,0,0,1201,871,-227,3,下位,0,0,0
257,257,0,104,290,0,0,0,258,274,-369,1,下位,0,0,0
465,465,0,125,349,0,0,0,257,290,-494,1,下位,0,0,0
55,55,0,369,1019,0,0,0,465,349,-895,1,下位,0,0,0
114,114,0,247,685,0,0,0,55,1019,35,4,下位,0,0,0
131,131,0,107,299,1,0,0,0,0,1,0,下位,0,0,0
255,255,0,99,278,0,0,0,131,299,89,1,下位,0,0,0
69,69,0,195,540,0,0,0,255,278,-44,1,下位,0,0,0
417,417,0,285,789,0,0,0,69,540,385,2,下位,0,0,0
632,632,0,182,506,0,0,0,417,789,501,3,下位,0,0,0
1206,1206,0,179,498,0,0,0,632,506,-12,2,下位,0,0,0
132,132,0,104,290,0,0,0,1206,498,-1459,2,下位,0,0,0
1201,1201,0,425,1173,0,0,0,132,290,-1382,1,下位,0,0,0
131,131,0,80,223,0,0,0,1201,1173,-2146,4,下位,0,0,0
48,48,0,188,520,1,0,0,0,0,1,0,下位,0,0,0
316,316,0,542,1499,0,0,0,48,520,444,2,下位,0,0,0
605,605,0,233,649,0,0,0,316,1499,1433,5,下位,0,0,0
631,631,0,430,1189,1,0,0,0,0,1,0,下位,0,0,0
615,615,0,2273,6212,0,0,0,631,1189,172,4,下位,0,0,0
131,131,0,91,257,1,0,0,0,0,1,0,下位,0,0,0
284,284,0,83,232,0,0,0,131,257,47,1,下位,0,0,0
901,901,0,236,658,1,0,0,0,0,1,0,下位,0,0,0
556,556,0,203,562,0,0,0,901,658,-794,2,下位,0,0,0
636,636,0,222,609,0,0,0,556,562,-1129,2,下位,0,0,0
143,143,0,194,539,0,0,0,636,609,-1546,3,下位,0,0,0
24,24,0,287,784,0,0,0,143,539,-1238,2,下位,0,0,0
110,110,0,326,905,0,0,0,24,784,-493,3,下位,0,0,0
30,30,0,183,508,0,0,0,110,905,235,3,下位,0,0,0
131,131,0,54,152,0,0,0,30,508,695,2,下位,0,0,0
116,116,0,96,270,0,0,0,131,152,636,1,下位,0,0,0
616,616,0,179,495,0,0,0,116,270,719,1,下位,0,0,0
917,917,0,274,762,0,0,0,616,495,220,2,下位,0,0,0
331,331,0,113,317,1,0,0,0,0,1,0,下位,0,0,0
823,823,0,344,953,0,0,0,331,317,-216,1,下位,0,0,0
66,66,0,577,1548,0,0,0,823,953,-590,3,下位,0,0,0
116,116,0,76,214,0,0,0,66,1548,555,5,下位,0,0,0
131,131,0,103,288,0,0,0,116,214,582,1,下位,0,0,0
183,183,0,109,306,0,0,0,131,288,659,1,下位,0,0,0
597,597,0,608,1681,0,0,0,183,306,670,1,下位,0,0,0
397,397,0,357,939,0,0,0,597,1681,1388,6,下位,0,0,0
331,331,0,89,250,0,0,0,397,939,650,4,下位,0,0,0
395,395,0,273,756,0,0,0,331,250,366,1,下位,0,0,0
91,91,0,120,335,1,0,0,0,0,1,0,下位,0,0,0
363,363,0,312,864,0,0,0,91,335,189,1,下位,0,0,0
1147,1147,0,680,1879,0,0,0,363,864,468,3,下位,0,0,0
185,185,0,405,1116,1,0,0,0,0,1,0,下位,0,0,0
89,89,0,121,340,0,0,0,185,1116,819,5,下位,0,0,0
1201,1201,0,118,329,0,0,0,89,340,1015,1,下位,0,0,0
147,147,0,1484,4024,0,0,0,1201,329,-593,1,下位,0,0,0
927,927,0,186,517,0,0,0,147,4024,274,9,下位,0,0,0
334,334,0,91,256,1,0,0,0,0,1,0,下位,0,0,0
133,133,0,84,234,0,0,0,334,256,-282,1,下位,0,0,0
333,333,0,155,434,0,0,0,133,234,-263,1,下位,0,0,0
1206,1206,0,93,260,0,0,0,333,434,-366,1,下位,0,0,0
115,115,0,454,1257,0,0,0,1206,260,-2051,1,下位,0,0,0
36,36,0,631,1740,0,0,0,115,1257,-979,4,下位,0,0,0
246,246,0,117,328,0,0,0,36,1740,703,6,下位,0,0,0
115,115,0,176,486,0,0,0,246,328,634,1,下位,0,0,0
922,922,0,181,502,0,0,0,115,486,935,2,下位,0,0,0
30,30,0,1748,4763,1,0,0,0,0,1,0,下位,0,0,0
1201,1201,0,101,282,0,0,0,30,4763,320,9,下位,0,0,0
645,645,0,111,311,0,0,0,1201,282,-1335,1,下位,0,0,0
1205,1205,0,1854,4901,0,0,0,645,311,-2064,1,下位,0,0,0
1109,1109,0,100,281,0,0,0,1205,4901,319,15,下位,0,0,0
52,52,0,170,471,1,0,0,0,0,1,0,下位,0,0,0
123,123,0,95,266,0,0,0,52,471,388,2,下位,0,0,0
333,333,0,122,342,0,0,0,123,266,456,1,下位,0,0,0
915,915,0,109,304,0,0,0,333,342,261,1,下位,0,0,0
615,615,0,3743,10182,0,0,0,915,304,-911,1,下位,0,0,0
1030,1030,0,134,374,0,0,0,615,10182,652,20,下位,0,0,0
522,522,0,78,219,1,0,0,0,0,1,0,下位,0,0,0
584,584,0,85,238,0,0,0,522,219,-622,1,下位,0,0,0
647,647,0,96,268,0,0,0,584,238,-1326,1,下位,0,0,0
331,331,0,2068,5683,0,0,0,647,268,-2102,1,下位,0,0,0
118,118,0,960,2606,1,0,0,0,0,1,0,下位,0,0,0
144,144,0,97,272,0,0,0,118,2606,499,8,下位,0,0,0
61,61,0,96,268,0,0,0,144,272,539,1,下位,0,0,0
527,527,0,444,1214,0,0,0,61,268,709,1,下位,0,0,0
131,131,0,114,319,0,0,0,527,1214,1073,4,下位,0,0,0
315,315,0,107,299,1,0,0,0,0,1,0,下位,0,0,0
884,884,0,87,244,1,0,0,0,0,1,0,下位,0,0,0
932,932,0,85,239,0,0,0,884,244,-1181,1,下位,0,0,0
1203,1203,0,140,392,0,0,0,932,239,-2445,1,下位,0,0,0
115,115,0,236,655,0,0,0,1203,392,-3993,1,下位,0,0,0
290,290,0,299,828,0,0,0,115,655,-3523,2,下位,0,0,0
907,907,0,74,207,1,0,0,0,0,1,0,下位,0,0,0
616,616,0,412,1139,0,0,0,907,207,-1255,1,下位,0,0,0
115,115,0,612,1690,0,0,0,616,1139,-1110,4,下位,0,0,0
904,904,0,1193,3262,1,0,0,0,0,1,0,下位,0,0,0
229,229,0,978,2664,0,0,0,904,3262,316,9,下位,0,0,0
1207,1207,0,226,628,0,0,0,229,2664,208,8,下位,0,0,0
843,843,0,97,272,0,0,0,1207,628,-1111,2,下位,0,0,0
254,254,0,94,264,1,0,0,0,0,1,0,下位,0,0,0
116,116,0,348,964,1,0,0,0,0,1,0,下位,0,0,0
683,683,0,309,855,0,0,0,116,964,778,3,下位,0,0,0
1204,1204,0,512,1413,0,0,0,683,855,531,3,下位,0,0,0
131,131,0,348,965,1,0,0,0,0,1,0,下位,0,0,0
1207,1207,0,199,553,0,0,0,131,965,755,3,下位,0,0,0
278,278,0,85,239,0,0,0,1207,553,-639,2,下位,0,0,0
393,393,0,897,2434,0,0,0,278,239,-848,1,下位,0,0,0
123,123,0,102,285,0,0,0,393,2434,350,7,下位,0,0,0
131,131,0,80,224,0,0,0,123,285,437,1,下位,0,0,0
898,898,0,169,470,0,0,0,131,224,450,1,下位,0,0,0
932,932,0,103,288,0,0,0,898,470,-528,2,下位,0,0,0
631,631,0,195,531,1,0,0,0,0,1,0,下位,0,0,0
760,760,0,101,283,1,0,0,0,0,1,0,下位,0,0,0
579,579,0,393,1087,0,0,0,760,283,-942,1,下位,0,0,0
1008,1008,0,109,306,0,0,0,579,1087,-789,4,下位,0,0,0
410,410,0,294,811,0,0,0,1008,306,-2109,1,下位,0,0,0
1202,1202,0,525,1431,0,0,0,410,811,-1959,3,下位,0,0,0
250,250,0,232,645,1,0,0,0,0,1,0,下位,0,0,0
133,133,0,290,802,0,0,0,250,645,243,2,下位,0,0,0
586,586,0,94,262,0,0,0,133,802,830,3,下位,0,0,0
225,225,0,76,214,0,0,0,586,262,147,1,下位,0,0,0
332,332,0,212,588,0,0,0,225,214,-2,1,下位,0,0,0
115,115,0,96,270,0,0,0,332,588,51,2,下位,0,0,0
331,331,0,116,325,0,0,0,115,270,136,1,下位,0,0,0
422,422,0,230,640,0,0,0,331,325,-73,1,下位,0,0,0
778,778,0,300,832,0,0,0,422,640,-114,2,下位,0,0,0
631,631,0,102,287,0,0,0,778,832,-537,3,下位,0,0,0
591,591,0,101,283,0,0,0,631,287,-1268,1,下位,0,0,0
903,903,0,373,1035,1,0,0,0,0,1,0,下位,0,0,0
589,589,0,81,228,1,0,0,0,0,1,0,下位,0,0,0
1201,1201,0,321,888,0,0,0,589,228,-721,1,下位,0,0,0
649,649,0,303,840,0,0,0,1201,888,-1770,3,下位,0,0,0
331,331,0,120,335,0,0,0,649,840,-1977,3,下位,0,0,0
331,331,0,626,1676,1,0,0,0,0,1,0,下位,0,0,0
369,369,0,767,2078,0,0,0,331,1676,263,7,下位,0,0,0
212,212,0,103,289,0,0,0,369,2078,223,7,下位,0,0,0
613,613,0,231,642,1,0,0,0,0,1,0,下位,0,0,0
190,190,0,117,328,0,0,0,613,642,-346,2,下位,0,0,0
140,140,0,263,728,0,0,0,190,328,-324,1,下位,0,0,0
115,115,0,70,197,0,0,0,140,728,178,3,下位,0,0,0
456,456,0,2247,6100,0,0,0,115,197,190,1,下位,0,0,0
569,569,0,216,599,1,0,0,0,0,1,0,下位,0,0,0
286,286,0,229,635,0,0,0,569,599,-318,2,下位,0,0,0
274,274,0,88,247,0,0,0,286,635,-144,2,下位,0,0,0
1201,1201,0,1360,3675,0,0,0,274,247,-339,1,下位,0,0,0
901,901,0,264,728,1,0,0,0,0,1,0,下位,0,0,0
170,170,0,114,319,0,0,0,901,728,-724,3,下位,0,0,0
525,525,0,116,325,0,0,0,170,319,-679,1,下位,0,0,0
624,624,0,108,301,1,0,0,0,0,1,0,下位,0,0,0
450,450,0,132,369,1,0,0,0,0,1,0,下位,0,0,0
903,903,0,411,1125,1,0,0,0,0,1,0,下位,0,0,0
393,393,0,89,250,0,0,0,903,1125,-330,4,下位,0,0,0
315,315,0,162,449,0,0,0,393,250,-714,1,下位,0,0,0
332,332,0,1451,3977,0,0,0,315,449,-773,2,下位,0,0,0
905,905,0,109,304,1,0,0,0,0,1,0,下位,0,0,0
104,104,0,108,301,0,0,0,905,304,-1155,1,下位,0,0,0
1211,1211,0,104,292,0,0,0,104,301,-1022,1,下位,0,0,0
59,59,0,1983,5452,0,0,0,1211,292,-2683,1,下位,0,0,0
39,39,0,115,323,0,0,0,59,5452,282,13,下位,0,0,0
131,131,0,192,532,1,0,0,0,0,1,0,下位,0,0,0
947,947,0,95,267,0,0,0,131,532,322,2,下位,0,0,0
631,631,0,99,277,0,0,0,947,267,-938,1,下位,0,0,0
1202,1202,0,405,1112,0,0,0,631,277,-1679,1,下位,0,0,0
632,632,0,214,595,0,0,0,1202,1112,-2506,4,下位,0,0,0
331,331,0,62,174,0,0,0,632,595,-2930,2,下位,0,0,0
106,106,0,126,354,1,0,0,0,0,1,0,下位,0,0,0
48,48,0,325,893,0,0,0,106,354,184,1,下位,0,0,0
332,332,0,117,327,0,0,0,48,893,1000,4,下位,0,0,0
131,131,0,113,316,0,0,0,332,327,792,1,下位,0,0,0
139,139,0,77,216,0,0,0,131,316,897,1,下位,0,0,0
672,672,0,225,626,0,0,0,139,216,889,1,下位,0,0,0
260,260,0,378,1044,0,0,0,672,626,431,2,下位,0,0,0
275,275,0,99,277,0,0,0,260,1044,1056,4,下位,0,0,0
150,150,0,71,199,0,0,0,275,277,889,1,下位,0,0,0
115,115,0,286,793,1,0,0,0,0,1,0,下位,0,0,0
1205,1205,0,83,233,0,0,0,115,793,609,3,下位,0,0,0
672,672,0,72,201,0,0,0,1205,233,-1102,1,下位,0,0,0
588,588,0,81,226,0,0,0,672,201,-1985,1,下位,0,0,0
398,398,0,113,316,0,0,0,588,226,-2707,1,下位,0,0,0
44,44,0,1011,2750,1,0,0,0,0,1,0,下位,0,0,0
1204,1204,0,142,399,0,0,0,44,2750,281,8,下位,0,0,0
208,208,0,126,352,0,0,0,1204,399,-1262,1,下位,0,0,0
1202,1202,0,308,853,0,0,0,208,352,-1245,1,下位,0,0,0
901,901,0,181,502,1,0,0,0,0,1,0,下位,0,0,0
315,315,0,110,309,0,0,0,901,502,-950,2,下位,0,0,0
107,107,0,128,359,0,0,0,315,309,-1149,1,下位,0,0,0
481,481,0,1069,2914,0,0,0,107,359,-963,1,下位,0,0,0
361,361,0,306,847,0,0,0,481,2914,975,9,下位,0,0,0
131,131,0,105,293,0,0,0,361,847,1240,3,下位,0,0,0
331,331,0,115,322,0,0,0,131,293,1322,1,下位,0,0,0
194,194,0,109,304,0,0,0,331,322,1110,1,下位,0,0,0
869,869,0,93,261,0,0,0,194,304,1101,1,下位,0,0,0
115,115,0,81,227,0,0,0,869,261,-40,1,下位,0,0,0
331,331,0,242,661,0,0,0,115,227,2,1,下位,0,0,0
458,458,0,186,517,0,0,0,331,661,129,2,下位,0,0,0
572,572,0,212,588,0,0,0,458,517,-93,2,下位,0,0,0
816,816,0,657,1814,0,0,0,572,588,-428,2,下位,0,0,0
125,125,0,100,279,0,0,0,816,1814,70,6,下位,0,0,0
115,115,0,105,295,0,0,0,125,279,147,1,下位,0,0,0
51,51,0,81,226,0,0,0,115,295,257,1,下位,0,0,0
607,607,0,94,262,1,0,0,0,0,1,0,下位,0,0,0
1201,1201,0,112,314,0,0,0,607,262,-716,1,下位,0,0,0
29,29,0,77,216,0,0,0,1201,314,-2339,1,下位,0,0,0
1204,1204,0,79,221,0,0,0,29,216,-2170,1,下位,0,0,0
278,278,0,124,346,0,0,0,1204,221,-3891,1,下位,0,0,0
331,331,0,118,331,1,0,0,0,0,1,0,下位,0,0,0
139,139,0,94,264,0,0,0,331,331,-202,1,下位,0,0,0
637,637,0,109,306,0,0,0,139,264,-162,1,下位,0,0,0
131,131,0,81,226,0,0,0,637,306,-883,1,下位,0,0,0
618,618,0,168,466,0,0,0,131,226,-868,1,下位,0,0,0
520,520,0,202,559,0,0,0,618,466,-1399,2,下位,0,0,0
491,491,0,89,250,0,0,0,520,559,-1679,2,下位,0,0,0
131,131,0,70,196,0,0,0,491,250,-2221,1,下位,0,0,0
423,423,0,136,381,0,0,0,131,196,-2236,1,下位,0,0,0
631,631,0,118,330,0,0,0,423,381,-2537,1,下位,0,0,0
883,883,0,111,311,0,0,0,631,330,-3225,1,下位,0,0,0
179,179,0,124,348,1,0,0,0,0,1,0,下位,0,0,0
131,131,0,87,243,0,0,0,179,348,60,1,下位,0,0,0
565,565,0,1531,4138,0,0,0,131,243,92,1,下位,0,0,0
1034,1034,0,99,277,0,0,0,565,4138,693,11,下位,0,0,0
1201,1201,0,224,622,0,0,0,1034,277,-698,1,下位,0,0,0
27,27,0,466,1286,0,0,0,1201,622,-2013,2,下位,0,0,0
194,194,0,224,624,0,0,0,27,1286,-771,4,下位,0,0,0
479,479,0,211,588,0,0,0,194,624,-460,2,下位,0,0,0
1066,1066,0,197,546,0,0,0,479,588,-645,2,下位,0,0,0
226,226,0,318,880,0,0,0,1066,546,-1818,2,下位,0,0,0
631,631,0,122,342,1,0,0,0,0,1,0,下位,0,0,0
73,73,0,645,1784,0,0,0,631,342,-675,1,下位,0,0,0
132,132,0,704,1900,0,0,0,73,1784,991,6,下位,0,0,0
874,874,0,307,850,0,0,0,132,1900,238,6,下位,0,0,0
615,615,0,301,826,0,0,0,874,850,-322,3,下位,0,0,0
632,632,0,71,199,0,0,0,615,826,-488,3,下位,0,0,0
706,706,0,95,267,0,0,0,632,199,-1308,1,下位,0,0,0
901,901,0,190,526,1,0,0,0,0,1,0,下位,0,0,0
1202,1202,0,122,342,0,0,0,901,526,-926,2,下位,0,0,0
48,48,0,255,710,0,0,0,1202,342,-2523,1,下位,0,0,0
193,193,0,176,490,0,0,0,48,710,-1890,2,下位,0,0,0
38,38,0,131,368,0,0,0,193,490,-1711,2,下位,0,0,0
131,131,0,112,314,0,0,0,38,368,-1404,1,下位,0,0,0
88,88,0,133,373,0,0,0,131,314,-1301,1,下位,0,0,0
1203,1203,0,142,399,0,0,0,88,373,-1070,1,下位,0,0,0
297,297,0,140,391,1,0,0,0,0,1,0,下位,0,0,0
935,935,0,424,1160,0,0,0,297,391,-87,1,下位,0,0,0
131,131,0,96,270,0,0,0,935,1160,-435,4,下位,0,0,0
50,50,0,168,455,0,0,0,131,270,-376,1,下位,0,0,0
301,301,0,68,189,0,0,0,50,455,-2,2,下位,0,0,0
26,26,0,123,343,0,0,0,301,189,-298,1,下位,0,0,0
632,632,0,111,311,0,0,0,26,343,3,1,下位,0,0,0
1201,1201,0,91,254,0,0,0,632,311,-705,1,下位,0,0,0
151,151,0,90,253,0,0,0,1201,254,-2388,1,下位,0,0,0
131,131,0,202,549,1,0,0,0,0,1,0,下位,0,0,0
455,455,0,207,574,0,0,0,131,549,339,2,下位,0,0,0
606,606,0,109,305,0,0,0,455,574,179,2,下位,0,0,0
1024,1024,0,185,513,0,0,0,606,305,-493,1,下位,0,0,0
97,97,0,205,571,0,0,0,1024,513,-1632,2,下位,0,0,0
632,632,0,101,284,0,0,0,97,571,-1217,2,下位,0,0,0
30,30,0,234,651,0,0,0,632,284,-1952,1,下位,0,0,0
991,991,0,229,636,0,0,0,30,651,-1349,2,下位,0,0,0
131,131,0,85,239,0,0,0,991,636,-2311,2,下位,0,0,0
237,237,0,67,188,0,0,0,131,239,-2283,1,下位,0,0,0
306,306,0,85,239,0,0,0,237,188,-2477,1,下位,0,0,0
331,331,0,202,563,1,0,0,0,0,1,0,下位,0,0,0
131,131,0,305,845,0,0,0,331,563,30,2,下位,0,0,0
1202,1202,0,89,249,0,0,0,131,845,664,3,下位,0,0,0
727,727,0,92,258,0,0,0,1202,249,-1026,1,下位,0,0,0
131,131,0,151,416,0,0,0,727,258,-1941,1,下位,0,0,0
135,135,0,95,266,0,0,0,131,416,-1736,2,下位,0,0,0
29,29,0,241,669,0,0,0,135,266,-1688,1,下位,0,0,0
28,28,0,96,270,0,0,0,29,669,-1066,2,下位,0,0,0
632,632,0,238,657,0,0,0,28,270,-841,1,下位,0,0,0
322,322,0,390,1076,0,0,0,632,657,-1203,2,下位,0,0,0
901,901,0,97,272,1,0,0,0,0,1,0,下位,0,0,0
54,54,0,101,284,0,0,0,901,272,-1180,1,下位,0,0,0
932,932,0,620,1712,0,0,0,54,284,-983,1,下位,0,0,0
312,312,0,220,611,0,0,0,932,1712,-774,6,下位,0,0,0
1105,1105,0,83,233,0,0,0,312,611,-666,2,下位,0,0,0
29,29,0,128,359,0,0,0,1105,233,-2215,1,下位,0,0,0
886,886,0,350,969,0,0,0,29,359,-1903,1,下位,0,0,0
901,901,0,193,537,1,0,0,0,0,1,0,下位,0,0,0
159,159,0,698,1844,0,0,0,901,537,-915,2,下位,0,0,0
962,962,0,85,239,0,0,0,159,1844,293,5,下位,0,0,0
831,831,0,403,1115,0,0,0,962,239,-1020,1,下位,0,0,0
738,738,0,503,1343,0,0,0,831,1115,-1245,4,下位,0,0,0
331,331,0,296,810,0,0,0,738,1343,-1092,5,下位,0,0,0
762,762,0,120,336,0,0,0,331,810,-816,3,下位,0,0,0
238,238,0,381,1054,1,0,0,0,0,1,0,下位,0,0,0
199,199,0,120,336,0,0,0,238,1054,671,4,下位,0,0,0
315,315,0,270,745,0,0,0,199,336,686,1,下位,0,0,0
185,185,0,187,518,0,0,0,315,745,923,3,下位,0,0,0
131,131,0,126,352,0,0,0,185,518,1143,2,下位,0,0,0
915,915,0,106,296,0,0,0,131,352,1284,1,下位,0,0,0
352,352,0,208,580,0,0,0,915,296,104,1,下位,0,0,0
332,332,0,111,311,0,0,0,352,580,116,2,下位,0,0,0
331,331,0,387,1069,0,0,0,332,311,-108,1,下位,0,0,0
259,259,0,173,482,0,0,0,331,1069,427,4,下位,0,0,0
598,598,0,76,212,0,0,0,259,482,491,2,下位,0,0,0
115,115,0,91,254,0,0,0,598,212,-262,1,下位,0,0,0
333,333,0,217,602,0,0,0,115,254,-193,1,下位,0,0,0
238,238,0,436,1201,0,0,0,333,602,-128,2,下位,0,0,0
331,331,0,89,249,0,0,0,238,1201,689,5,下位,0,0,0
103,103,0,572,1566,0,0,0,331,249,404,1,下位,0,0,0
331,331,0,114,318,0,0,0,103,1566,1804,6,下位,0,0,0
149,149,0,104,292,0,0,0,331,318,1588,1,下位,0,0,0
42,42,0,102,286,0,0,0,149,292,1640,1,下位,0,0,0
503,503,0,83,233,0,0,0,42,286,1858,1,下位,0,0,0
338,338,0,893,2418,1,0,0,0,0,1,0,下位,0,0,0
47,47,0,293,811,0,0,0,338,2418,290,9,下位,0,0,0
918,918,0,254,684,0,0,0,47,811,1025,3,下位,0,0,0
131,131,0,49,137,0,0,0,918,684,228,3,下位,0,0,0
544,544,0,75,211,0,0,0,131,137,154,1,下位,0,0,0
275,275,0,180,500,0,0,0,544,211,-512,1,下位,0,0,0
840,840,0,81,226,0,0,0,275,500,-456,2,下位,0,0,0
132,132,0,550,1518,0,0,0,840,226,-1585,1,下位,0,0,0
1021,1021,0,91,254,0,0,0,132,1518,-280,5,下位,0,0,0
36,36,0,100,280,0,0,0,1021,254,-1673,1,下位,0,0,0
644,644,0,98,273,1,0,0,0,0,1,0,下位,0,0,0
1201,1201,0,490,1312,0,0,0,644,273,-765,1,下位,0,0,0
292,292,0,186,516,0,0,0,1201,1312,-1390,4,下位,0,0,0
131,131,0,230,638,0,0,0,292,516,-1345,2,下位,0,0,0
615,615,0,105,295,0,0,0,131,638,-918,2,下位,0,0,0
40,40,0,118,329,0,0,0,615,295,-1615,1,下位,0,0,0
584,584,0,143,396,0,0,0,40,329,-1351,1,下位,0,0,0
132,132,0,75,210,0,0,0,584,396,-1897,2,下位,0,0,0
131,131,0,177,491,1,0,0,0,0,1,0,下位,0,0,0
35,35,0,319,885,0,0,0,131,491,281,2,下位,0,0,0
192,192,0,1062,2861,0,0,0,35,885,1110,3,下位,0,0,0
131,131,0,88,246,0,0,0,192,2861,223,6,下位,0,0,0
17,17,0,313,864,0,0,0,131,246,258,1,下位,0,0,0
274,274,0,113,315,0,0,0,17,864,1095,3,下位,0,0,0
417,417,0,321,890,0,0,0,274,315,968,1,下位,0,0,0
51,51,0,94,264,1,0,0,0,0,1,0,下位,0,0,0
333,333,0,98,274,0,0,0,51,264,183,1,下位,0,0,0
131,131,0,80,225,0,0,0,333,274,-80,1,下位,0,0,0
131,131,0,190,523,0,0,0,131,225,-66,1,下位,0,0,0
632,632,0,84,236,0,0,0,131,523,246,2,下位,0,0,0
500,500,0,2733,7386,0,0,0,632,236,-537,1,下位,0,0,0
458,458,0,122,342,0,0,0,500,7386,383,17,下位,0,0,0
22,22,0,100,280,0,0,0,458,342,-14,1,下位,0,0,0
315,315,0,564,1559,0,0,0,22,280,231,1,下位,0,0,0
92,92,0,226,630,0,0,0,315,1559,1282,5,下位,0,0,0
632,632,0,134,374,0,0,0,92,630,1764,2,下位,0,0,0
132,132,0,117,328,0,0,0,632,374,1119,1,下位,0,0,0
28,28,0,1606,4310,0,0,0,132,328,1234,1,下位,0,0,0
286,286,0,204,565,0,0,0,28,4310,295,10,下位,0,0,0
793,793,0,104,291,1,0,0,0,0,1,0,下位,0,0,0
490,490,0,120,336,0,0,0,793,291,-987,1,下位,0,0,0
165,165,0,123,345,0,0,0,490,336,-1441,1,下位,0,0,0
331,331,0,111,310,0,0,0,165,345,-1362,1,下位,0,0,0
331,331,0,87,243,0,0,0,331,310,-1586,1,下位,0,0,0
631,631,0,87,244,0,0,0,331,243,-1877,1,下位,0,0,0
331,331,0,234,649,0,0,0,631,244,-2651,1,下位,0,0,0
332,332,0,90,252,0,0,0,331,649,-2536,2,下位,0,0,0
268,268,0,207,571,0,0,0,332,252,-2819,1,下位,0,0,0
199,199,0,69,194,0,0,0,268,571,-2680,2,下位,0,0,0
332,332,0,109,304,0,0,0,199,194,-2807,1,下位,0,0,0
331,331,0,600,1657,0,0,0,332,304,-3038,1,下位,0,0,0
29,29,0,1325,3629,0,0,0,331,1657,-1915,6,下位,0,0,0
316,316,0,112,313,0,0,0,29,3629,641,9,下位,0,0,0
333,333,0,399,1103,0,0,0,316,313,444,1,下位,0,0,0
115,115,0,86,241,0,0,0,333,1103,1010,4,下位,0,0,0
131,131,0,405,1099,0,0,0,115,241,1066,1,下位,0,0,0
331,331,0,72,203,0,0,0,131,1099,1954,4,下位,0,0,0
128,128,0,107,299,1,0,0,0,0,1,0,下位,0,0,0
35,35,0,127,355,0,0,0,128,299,94,1,下位,0,0,0
309,309,0,376,1043,0,0,0,35,355,393,1,下位,0,0,0
1201,1201,0,284,782,0,0,0,309,1043,938,3,下位,0,0,0
331,331,0,373,1028,0,0,0,1201,782,-217,3,下位,0,0,0
145,145,0,260,719,1,0,0,0,0,1,0,下位,0,0,0
138,138,0,145,406,0,0,0,145,719,486,3,下位,0,0,0
52,52,0,82,231,0,0,0,138,406,669,1,下位,0,0,0
721,721,0,130,363,0,0,0,52,231,816,1,下位,0,0,0
316,316,0,451,1238,0,0,0,721,363,16,1,下位,0,0,0
676,676,0,320,882,0,0,0,316,1238,744,4,下位,0,0,0
460,460,0,321,889,0,0,0,676,882,536,3,下位,0,0,0
887,887,0,87,243,0,0,0,460,889,683,3,下位,0,0,0
62,62,0,79,221,1,0,0,0,0,1,0,下位,0,0,0
1202,1202,0,139,390,0,0,0,62,221,122,1,下位,0,0,0
931,931,0,118,331,0,0,0,1202,390,-1427,1,下位,0,0,0
131,131,0,110,308,0,0,0,931,331,-2598,1,下位,0,0,0
901,901,0,350,970,1,0,0,0,0,1,0,下位,0,0,0
354,354,0,313,868,0,0,0,901,970,-482,3,下位,0,0,0
1201,1201,0,468,1247,0,0,0,354,868,-185,3,下位,0,0,0
131,131,0,221,615,0,0,0,1201,1247,-875,5,下位,0,0,0
542,542,0,96,270,1,0,0,0,0,1,0,下位,0,0,0
42,42,0,428,1182,0,0,0,542,270,-603,1,下位,0,0,0
387,387,0,499,1365,0,0,0,42,1182,511,4,下位,0,0,0
495,495,0,100,279,0,0,0,387,1365,1252,5,下位,0,0,0
458,458,0,163,451,0,0,0,495,279,733,1,下位,0,0,0
901,901,0,105,293,1,0,0,0,0,1,0,下位,0,0,0
68,68,0,186,517,0,0,0,901,293,-1159,1,下位,0,0,0
523,523,0,102,285,0,0,0,68,517,-752,2,下位,0,0,0
1083,1083,0,239,651,0,0,0,523,285,-1311,1,下位,0,0,0
332,332,0,397,1095,1,0,0,0,0,1,0,下位,0,0,0
331,331,0,610,1672,0,0,0,332,1095,561,4,下位,0,0,0
31,31,0,379,1008,0,0,0,331,1672,1699,6,下位,0,0,0
227,227,0,696,1832,0,0,0,31,1008,257,3,下位,0,0,0
758,758,0,294,802,0,0,0,227,1832,577,6,下位,0,0,0
169,169,0,98,275,0,0,0,758,802,156,3,下位,0,0,0
1202,1202,0,124,348,0,0,0,169,275,158,1,下位,0,0,0
33,33,0,89,248,0,0,0,1202,348,-1433,1,下位,0,0,0
902,902,0,238,660,1,0,0,0,0,1,0,下位,0,0,0
271,271,0,128,358,0,0,0,902,660,-794,2,下位,0,0,0
132,132,0,179,495,0,0,0,271,358,-873,1,下位,0,0,0
222,222,0,296,820,1,0,0,0,0,1,0,下位,0,0,0
195,195,0,220,612,0,0,0,222,820,463,3,下位,0,0,0
21,21,0,115,323,0,0,0,195,612,760,2,下位,0,0,0
1202,1202,0,120,335,0,0,0,21,323,1049,1,下位,0,0,0
117,117,0,183,505,0,0,0,1202,335,-555,1,下位,0,0,0
168,168,0,343,949,0,0,0,117,505,-239,2,下位,0,0,0
931,931,0,191,522,0,0,0,168,949,439,3,下位,0,0,0
800,800,0,94,263,0,0,0,931,522,-541,2,下位,0,0,0
29,29,0,142,398,1,0,0,0,0,1,0,下位,0,0,0
132,132,0,82,230,0,0,0,29,398,352,1,下位,0,0,0
169,169,0,429,1139,0,0,0,132,230,369,1,下位,0,0,0
904,904,0,423,1170,1,0,0,0,0,1,0,下位,0,0,0
371,371,0,257,702,1,0,0,0,0,1,0,下位,0,0,0
313,313,0,63,175,0,0,0,371,702,105,2,下位,0,0,0
132,132,0,97,272,0,0,0,313,175,-225,1,下位,0,0,0
632,632,0,2688,7266,0,0,0,132,272,-166,1,下位,0,0,0
934,934,0,451,1248,0,0,0,632,7266,204,16,下位,0,0,0
603,603,0,104,292,0,0,0,934,1248,-54,4,下位,0,0,0
616,616,0,413,1141,1,0,0,0,0,1,0,下位,0,0,0
271,271,0,258,713,1,0,0,0,0,1,0,下位,0,0,0
263,263,0,120,335,0,0,0,271,713,277,3,下位,0,0,0
230,230,0,82,230,0,0,0,263,335,188,1,下位,0,0,0
632,632,0,458,1268,0,0,0,230,230,47,1,下位,0,0,0
780,780,0,404,1107,0,0,0,632,1268,296,4,下位,0,0,0
587,587,0,113,315,0,0,0,780,1107,145,4,下位,0,0,0
56,56,0,130,365,0,0,0,587,315,-487,1,下位,0,0,0
115,115,0,107,300,1,0,0,0,0,1,0,下位,0,0,0
931,931,0,325,902,0,0,0,115,300,116,1,下位,0,0,0
131,131,0,90,252,0,0,0,931,902,-484,3,下位,0,0,0
92,92,0,373,1028,0,0,0,131,252,-443,1,下位,0,0,0
615,615,0,335,927,1,0,0,0,0,1,0,下位,0,0,0
94,94,0,116,326,1,0,0,0,0,1,0,下位,0,0,0
1201,1201,0,100,279,0,0,0,94,326,175,1,下位,0,0,0
126,126,0,102,286,0,0,0,1201,279,-1483,1,下位,0,0,0
131,131,0,125,349,0,0,0,126,286,-1400,1,下位,0,0,0
621,621,0,444,1231,0,0,0,131,349,-1262,1,下位,0,0,0
533,533,0,215,597,0,0,0,621,1231,-1033,4,下位,0,0,0
387,387,0,344,935,0,0,0,533,597,-1296,2,下位,0,0,0
32,32,0,223,619,0,0,0,387,935,-985,3,下位,0,0,0
903,903,0,281,778,1,0,0,0,0,1,0,下位,0,0,0
901,901,0,336,923,1,0,0,0,0,1,0,下位,0,0,0
903,903,0,99,277,1,0,0,0,0,1,0,下位,0,0,0
926,926,0,81,226,0,0,0,903,277,-1178,1,下位,0,0,0
331,331,0,108,301,0,0,0,926,226,-2446,1,下位,0,0,0
143,143,0,234,650,0,0,0,331,301,-2679,1,下位,0,0,0
94,94,0,431,1190,0,0,0,143,650,-2260,2,下位,0,0,0
1202,1202,0,246,671,0,0,0,94,1190,-1222,4,下位,0,0,0
215,215,0,102,286,0,0,0,1202,671,-2490,2,下位,0,0,0
167,167,0,332,921,1,0,0,0,0,1,0,下位,0,0,0
142,142,0,286,792,0,0,0,167,921,654,3,下位,0,0,0
275,275,0,233,633,0,0,0,142,792,1217,3,下位,0,0,0
915,915,0,104,292,0,0,0,275,633,1406,2,下位,0,0,0
331,331,0,104,290,0,0,0,915,292,222,1,下位,0,0,0
1201,1201,0,212,591,0,0,0,331,290,-22,1,下位,0,0,0
188,188,0,256,705,0,0,0,1201,591,-1368,2,下位,0,0,0
395,395,0,178,492,0,0,0,188,705,-966,3,下位,0,0,0
324,324,0,171,474,1,0,0,0,0,1,0,下位,0,0,0
26,26,0,225,625,0,0,0,324,474,-48,2,下位,0,0,0
616,616,0,249,680,0,0,0,26,625,535,2,下位,0,0,0
903,903,0,269,741,1,0,0,0,0,1,0,下位,0,0,0
675,675,0,368,1016,0,0,0,903,741,-714,3,下位,0,0,0
173,173,0,127,356,0,0,0,675,1016,-787,4,下位,0,0,0
331,331,0,342,950,0,0,0,173,356,-710,1,下位,0,0,0
249,249,0,427,1182,1,0,0,0,0,1,0,下位,0,0,0
131,131,0,458,1217,0,0,0,249,1182,781,4,下位,0,0,0
1205,1205,0,107,300,0,0,0,131,1217,224,5,下位,0,0,0
366,366,0,101,282,0,0,0,1205,300,-1420,1,下位,0,0,0
510,510,0,606,1670,0,0,0,366,282,-1728,1,下位,0,0,0
131,131,0,241,671,0,0,0,510,1670,-881,6,下位,0,0,0
901,901,0,69,194,1,0,0,0,0,1,0,下位,0,0,0
29,29,0,201,559,0,0,0,901,194,-1258,1,下位,0,0,0
331,331,0,66,186,0,0,0,29,559,-746,2,下位,0,0,0
417,417,0,230,639,0,0,0,331,186,-1094,1,下位,0,0,0
283,283,0,359,998,0,0,0,417,639,-1128,2,下位,0,0,0
131,131,0,88,247,1,0,0,0,0,1,0,下位,0,0,0
122,122,0,400,1105,0,0,0,131,247,37,1,下位,0,0,0
155,155,0,318,879,0,0,0,122,1105,945,4,下位,0,0,0
726,726,0,399,1094,0,0,0,155,879,1574,3,下位,0,0,0
132,132,0,95,267,0,0,0,726,1094,1497,4,下位,0,0,0
138,138,0,211,582,0,0,0,132,267,1551,1,下位,0,0,0
131,131,0,229,640,0,0,0,138,582,1910,2,下位,0,0,0
12,12,0,168,467,0,0,0,131,640,2339,1,下位,0,0,0
133,133,0,87,243,0,0,0,12,467,2787,2,下位,0,0,0
381,381,0,96,270,0,0,0,133,243,2815,1,下位,0,0,0
1206,1206,0,1760,4814,0,0,0,381,270,2470,1,下位,0,0,0
546,546,0,180,501,0,0,0,1206,4814,563,13,下位,0,0,0
631,631,0,129,360,0,0,0,546,501,183,2,下位,0,0,0
331,331,0,120,336,1,0,0,0,0,1,0,下位,0,0,0
110,110,0,116,324,0,0,0,331,336,-197,1,下位,0,0,0
131,131,0,216,600,0,0,0,110,324,-50,1,下位,0,0,0
331,331,0,78,218,0,0,0,131,600,339,2,下位,0,0,0
610,610,0,389,1076,0,0,0,331,218,23,1,下位,0,0,0
822,822,0,749,2018,0,0,0,610,1076,115,4,下位,0,0,0
994,994,0,224,621,0,0,0,822,2018,318,7,下位,0,0,0
424,424,0,215,598,0,0,0,994,621,-664,2,下位,0,0,0
940,940,0,400,1107,0,0,0,424,598,-750,2,下位,0,0,0
901,901,0,331,915,1,0,0,0,0,1,0,下位,0,0,0
331,331,0,87,244,0,0,0,901,915,-537,3,下位,0,0,0
1205,1205,0,556,1535,0,0,0,331,244,-827,1,下位,0,0,0
62,62,0,92,259,0,0,0,1205,1535,-1236,5,下位,0,0,0
733,733,0,108,301,0,0,0,62,259,-1077,1,下位,0,0,0
132,132,0,174,483,0,0,0,733,301,-1958,1,下位,0,0,0
1201,1201,0,548,1513,0,0,0,132,483,-1688,2,下位,0,0,0
901,901,0,101,282,1,0,0,0,0,1,0,下位,0,0,0
334,334,0,85,238,0,0,0,901,282,-1170,1,下位,0,0,0
190,190,0,111,312,0,0,0,334,238,-1471,1,下位,0,0,0
129,129,0,82,229,0,0,0,190,312,-1465,1,下位,0,0,0
856,856,0,259,715,0,0,0,129,229,-1444,1,下位,0,0,0
215,215,0,227,625,0,0,0,856,715,-2110,2,下位,0,0,0
318,318,0,128,358,0,0,0,215,625,-1832,3,下位,0,0,0
136,136,0,188,523,1,0,0,0,0,1,0,下位,0,0,0
40,40,0,202,561,0,0,0,136,523,305,2,下位,0,0,0
615,615,0,133,373,0,0,0,40,561,801,2,下位,0,0,0
225,225,0,446,1234,1,0,0,0,0,1,0,下位,0,0,0
1203,1203,0,185,514,0,0,0,225,1234,872,4,下位,0,0,0
154,154,0,245,682,0,0,0,1203,514,-554,2,下位,0,0,0
57,57,0,102,286,0,0,0,154,682,-120,2,下位,0,0,0
1202,1202,0,201,560,0,0,0,57,286,74,1,下位,0,0,0
245,245,0,388,1069,1,0,0,0,0,1,0,下位,0,0,0
247,247,0,86,241,0,0,0,245,1069,675,4,下位,0,0,0
494,494,0,316,876,0,0,0,247,241,518,1,下位,0,0,0
292,292,0,99,278,0,0,0,494,876,597,3,下位,0,0,0
486,486,0,238,662,0,0,0,292,278,404,1,下位,0,0,0
725,725,0,684,1841,1,0,0,0,0,1,0,下位,0,0,0
901,901,0,292,807,1,0,0,0,0,1,0,下位,0,0,0
813,813,0,80,225,0,0,0,901,807,-645,3,下位,0,0,0
631,631,0,198,549,0,0,0,813,225,-1731,1,下位,0,0,0
1201,1201,0,114,320,0,0,0,631,549,-2200,2,下位,0,0,0
414,414,0,103,288,1,0,0,0,0,1,0,下位,0,0,0
331,331,0,128,359,0,0,0,414,288,-379,1,下位,0,0,0
141,141,0,322,890,0,0,0,331,359,-554,1,下位,0,0,0
331,331,0,96,270,0,0,0,141,890,109,3,下位,0,0,0
176,176,0,206,570,0,0,0,331,270,-155,1,下位,0,0,0
166,166,0,101,283,1,0,0,0,0,1,0,下位,0,0,0
331,331,0,90,253,0,0,0,166,283,16,1,下位,0,0,0
315,315,0,99,277,0,0,0,331,253,-265,1,下位,0,0,0
631,631,0,150,419,0,0,0,315,277,-496,1,下位,0,0,0
739,739,0,92,258,0,0,0,631,419,-1095,1,下位,0,0,0
565,565,0,185,511,0,0,0,739,258,-2029,1,下位,0,0,0
789,789,0,130,365,1,0,0,0,0,1,0,下位,0,0,0
25,25,0,72,203,0,0,0,789,365,-907,1,下位,0,0,0
828,828,0,190,527,0,0,0,25,203,-744,1,下位,0,0,0
901,901,0,194,537,0,0,0,828,527,-1552,2,下位,0,0,0
115,115,0,215,599,0,0,0,901,537,-2468,2,下位,0,0,0
332,332,0,84,235,0,0,0,115,599,-2054,2,下位,0,0,0
1209,1209,0,212,587,0,0,0,332,235,-2354,1,下位,0,0,0
332,332,0,97,271,0,0,0,1209,587,-3717,2,下位,0,0,0
78,78,0,512,1418,0,0,0,332,271,-3981,1,下位,0,0,0
331,331,0,296,819,0,0,0,78,1418,-2689,5,下位,0,0,0
242,242,0,379,1048,1,0,0,0,0,1,0,下位,0,0,0
615,615,0,91,255,0,0,0,242,1048,659,4,下位,0,0,0
183,183,0,80,225,0,0,0,615,255,-78,1,下位,0,0,0
238,238,0,409,1129,0,0,0,183,225,-148,1,下位,0,0,0
131,131,0,299,830,0,0,0,238,1129,597,4,下位,0,0,0
244,244,0,64,180,0,0,0,131,830,1216,3,下位,0,0,0
632,632,0,2448,6660,0,0,0,244,180,1002,1,下位,0,0,0
132,132,0,107,300,1,0,0,0,0,1,0,下位,0,0,0
632,632,0,578,1596,0,0,0,132,300,88,1,下位,0,0,0
319,319,0,90,252,0,0,0,632,1596,665,6,下位,0,0,0
307,307,0,336,930,0,0,0,319,252,402,1,下位,0,0,0
1202,1202,0,316,878,0,0,0,307,930,837,3,下位,0,0,0
112,112,0,224,623,0,0,0,1202,878,-224,3,下位,0,0,0
534,534,0,389,1072,0,0,0,112,623,218,2,下位,0,0,0
308,308,0,191,530,0,0,0,534,1072,429,4,下位,0,0,0
38,38,0,223,619,0,0,0,308,530,462,2,下位,0,0,0
400,400,0,1235,3365,1,0,0,0,0,1,0,下位,0,0,0
266,266,0,238,660,0,0,0,400,3365,314,9,下位,0,0,0
131,131,0,95,265,0,0,0,266,660,545,2,下位,0,0,0
631,631,0,227,630,0,0,0,131,265,599,1,下位,0,0,0
560,560,0,121,338,0,0,0,631,630,211,2,下位,0,0,0
58,58,0,96,269,1,0,0,0,0,1,0,下位,0,0,0
96,96,0,107,300,0,0,0,58,269,176,1,下位,0,0,0
131,131,0,81,227,0,0,0,96,300,321,1,下位,0,0,0
315,315,0,1774,4829,0,0,0,131,227,337,1,下位,0,0,0
281,281,0,305,845,0,0,0,315,4829,215,12,下位,0,0,0
1120,1120,0,331,918,0,0,0,281,845,607,3,下位,0,0,0
701,701,0,96,268,1,0,0,0,0,1,0,下位,0,0,0
114,114,0,175,485,0,0,0,701,268,-862,1,下位,0,0,0
131,131,0,2533,6875,0,0,0,114,485,-561,2,下位,0,0,0
633,633,0,77,216,1,0,0,0,0,1,0,下位,0,0,0
332,332,0,87,244,0,0,0,633,216,-804,1,下位,0,0,0
34,34,0,75,211,0,0,0,332,244,-1095,1,下位,0,0,0
122,122,0,185,515,1,0,0,0,0,1,0,下位,0,0,0
631,631,0,101,284,0,0,0,122,515,319,2,下位,0,0,0
441,441,0,103,289,1,0,0,0,0,1,0,下位,0,0,0
29,29,0,446,1233,0,0,0,441,289,-421,1,下位,0,0,0
582,582,0,214,592,0,0,0,29,1233,765,4,下位,0,0,0
911,911,0,108,303,0,0,0,582,592,418,2,下位,0,0,0
91,91,0,443,1226,0,0,0,911,303,-748,1,下位,0,0,0
115,115,0,86,241,0,0,0,91,1226,331,4,下位,0,0,0
901,901,0,335,926,1,0,0,0,0,1,0,下位,0,0,0
124,124,0,80,225,1,0,0,0,0,1,0,下位,0,0,0
639,639,0,391,1082,1,0,0,0,0,1,0,下位,0,0,0
131,131,0,97,271,0,0,0,639,1082,52,4,下位,0,0,0
63,63,0,221,615,1,0,0,0,0,1,0,下位,0,0,0
560,560,0,84,236,0,0,0,63,615,514,2,下位,0,0,0
823,823,0,120,336,0,0,0,560,236,-153,1,下位,0,0,0
603,603,0,107,300,0,0,0,823,336,-1144,1,下位,0,0,0
22,22,0,314,872,0,0,0,603,300,-1817,1,下位,0,0,0
725,725,0,207,573,0,0,0,22,872,-980,3,下位,0,0,0
302,302,0,106,297,1,0,0,0,0,1,0,下位,0,0,0
931,931,0,612,1673,0,0,0,302,297,-189,1,下位,0,0,0
1204,1204,0,287,795,0,0,0,931,1673,-18,6,下位,0,0,0
605,605,0,1010,2699,0,0,0,1204,795,-1165,3,下位,0,0,0
1201,1201,0,221,614,0,0,0,605,2699,258,8,下位,0,0,0
331,331,0,288,790,0,0,0,1201,614,-1065,2,下位,0,0,0
67,67,0,119,333,0,0,0,331,790,-809,3,下位,0,0,0
634,634,0,124,347,0,0,0,67,333,-584,1,下位,0,0,0
400,400,0,222,606,0,0,0,634,347,-1260,1,下位,0,0,0
631,631,0,418,1154,1,0,0,0,0,1,0,下位,0,0,0
1202,1202,0,131,368,0,0,0,631,1154,137,4,下位,0,0,0
115,115,0,280,773,1,0,0,0,0,1,0,下位,0,0,0
200,200,0,80,223,0,0,0,115,773,589,3,下位,0,0,0
483,483,0,189,523,0,0,0,200,223,489,1,下位,0,0,0
333,333,0,182,505,0,0,0,483,523,233,2,下位,0,0,0
331,331,0,85,239,0,0,0,333,505,201,2,下位,0,0,0
840,840,0,642,1775,0,0,0,331,239,-94,1,下位,0,0,0
72,72,0,197,546,0,0,0,840,1775,326,6,下位,0,0,0
558,558,0,157,436,0,0,0,72,546,756,2,下位,0,0,0
647,647,0,230,641,1,0,0,0,0,1,0,下位,0,0,0
131,131,0,214,593,0,0,0,647,641,-402,2,下位,0,0,0
933,933,0,50,141,0,0,0,131,593,-20,2,下位,0,0,0
74,74,0,165,462,0,0,0,933,141,-1384,1,下位,0,0,0
331,331,0,170,478,1,0,0,0,0,1,0,下位,0,0,0
592,592,0,106,297,0,0,0,331,478,-55,2,下位,0,0,0
743,743,0,159,445,0,0,0,592,297,-713,1,下位,0,0,0
455,455,0,196,547,0,0,0,743,445,-1466,1,下位,0,0,0
131,131,0,165,458,0,0,0,455,547,-1653,2,下位,0,0,0
930,930,0,101,283,0,0,0,131,458,-1406,2,下位,0,0,0
88,88,0,138,387,0,0,0,930,283,-2623,1,下位,0,0,0
174,174,0,366,1019,0,0,0,88,387,-2378,1,下位,0,0,0
132,132,0,104,292,0,0,0,174,1019,-1640,4,下位,0,0,0
1201,1201,0,455,1262,0,0,0,132,292,-1561,1,下位,0,0,0
632,632,0,68,189,0,0,0,1201,1262,-2236,4,下位,0,0,0
115,115,0,83,232,1,0,0,0,0,1,0,下位,0,0,0
66,66,0,130,364,0,0,0,115,232,48,1,下位,0,0,0
130,130,0,113,316,0,0,0,66,364,306,1,下位,0,0,0
1202,1202,0,581,1604,0,0,0,130,316,412,1,下位,0,0,0
478,478,0,495,1354,0,0,0,1202,1604,77,6,下位,0,0,0
491,491,0,101,284,0,0,0,478,1354,660,5,下位,0,0,0
343,343,0,201,562,0,0,0,491,284,152,1,下位,0,0,0
901,901,0,128,357,1,0,0,0,0,1,0,下位,0,0,0
132,132,0,90,252,0,0,0,901,357,-1095,1,下位,0,0,0
473,473,0,174,481,0,0,0,132,252,-1056,1,下位,0,0,0
507,507,0,197,548,0,0,0,473,481,-1338,2,下位,0,0,0
37,37,0,106,297,0,0,0,507,548,-1608,2,下位,0,0,0
316,316,0,108,303,0,0,0,37,297,-1371,1,下位,0,0,0
218,218,0,50,141,0,0,0,316,303,-1578,1,下位,0,0,0
179,179,0,94,263,0,0,0,218,141,-1789,1,下位,0,0,0
127,127,0,349,968,0,0,0,179,263,-1815,1,下位,0,0,0
1202,1202,0,66,184,0,0,0,127,968,-1052,3,下位,0,0,0
332,332,0,80,225,0,0,0,1202,184,-2807,1,下位,0,0,0
138,138,0,75,210,0,0,0,332,225,-3117,1,下位,0,0,0
329,329,0,215,598,1,0,0,0,0,1,0,下位,0,0,0
23,23,0,274,759,0,0,0,329,598,68,2,下位,0,0,0
227,227,0,102,286,0,0,0,23,759,790,3,下位,0,0,0
333,333,0,232,646,0,0,0,227,286,710,1,下位,0,0,0
33,33,0,100,281,0,0,0,333,646,819,2,下位,0,0,0
332,332,0,356,985,0,0,0,33,281,1047,1,下位,0,0,0
1026,1026,0,106,296,0,0,0,332,985,1497,3,下位,0,0,0
132,132,0,91,254,0,0,0,1026,296,138,1,下位,0,0,0
704,704,0,129,360,0,0,0,132,254,179,1,下位,0,0,0
460,460,0,108,303,0,0,0,704,360,-596,1,下位,0,0,0
901,901,0,454,1257,1,0,0,0,0,1,0,下位,0,0,0
781,781,0,118,331,0,0,0,901,1257,-195,4,下位,0,0,0
1082,1082,0,290,803,0,0,0,781,331,-1124,1,下位,0,0,0
388,388,0,69,192,1,0,0,0,0,1,0,下位,0,0,0
632,632,0,90,252,0,0,0,388,192,-433,1,下位,0,0,0
116,116,0,114,318,0,0,0,632,252,-1200,1,下位,0,0,0
94,94,0,95,266,0,0,0,116,318,-1069,1,下位,0,0,0
347,347,0,106,297,0,0,0,94,266,-955,1,下位,0,0,0
633,633,0,84,236,0,0,0,347,297,-1218,1,下位,0,0,0
118,118,0,72,201,1,0,0,0,0,1,0,下位,0,0,0
675,675,0,321,889,0,0,0,118,201,12,1,下位,0,0,0
101,101,0,84,234,0,0,0,675,889,-188,3,下位,0,0,0
1045,1045,0,101,283,0,0,0,101,234,-117,1,下位,0,0,0
203,203,0,321,884,0,0,0,1045,283,-1519,1,下位,0,0,0
332,332,0,71,200,0,0,0,203,884,-962,4,下位,0,0,0
566,566,0,190,520,0,0,0,332,200,-1297,1,下位,0,0,0
652,652,0,194,539,0,0,0,566,520,-1690,2,下位,0,0,0
73,73,0,371,979,0,0,0,652,539,-2203,2,下位,0,0,0
525,525,0,99,277,0,0,0,73,979,-1342,5,下位,0,0,0
414,414,0,376,1040,0,0,0,525,277,-1912,1,下位,0,0,0
522,522,0,1311,3586,1,0,0,0,0,1,0,下位,0,0,0
369,369,0,84,235,0,0,0,522,3586,336,10,下位,0,0,0
179,179,0,203,563,0,0,0,369,235,-24,1,下位,0,0,0
633,633,0,261,722,0,0,0,179,563,250,2,下位,0,0,0
592,592,0,107,299,0,0,0,633,722,-49,3,下位,0,0,0
307,307,0,111,310,1,0,0,0,0,1,0,下位,0,0,0
1202,1202,0,426,1179,0,0,0,307,310,-184,1,下位,0,0,0
615,615,0,112,314,1,0,0,0,0,1,0,下位,0,0,0
56,56,0,95,266,0,0,0,615,314,-677,1,下位,0,0,0
146,146,0,719,1986,0,0,0,56,266,-501,1,下位,0,0,0
615,615,0,927,2519,0,0,0,146,1986,1250,6,下位,0,0,0
902,902,0,82,231,1,0,0,0,0,1,0,下位,0,0,0
616,616,0,219,608,0,0,0,902,231,-1223,1,下位,0,0,0
155,155,0,202,562,0,0,0,616,608,-1609,2,下位,0,0,0
112,112,0,97,272,0,0,0,155,562,-1297,2,下位,0,0,0
134,134,0,142,399,0,0,0,112,272,-1206,1,下位,0,0,0
133,133,0,109,306,1,0,0,0,0,1,0,下位,0,0,0
183,183,0,96,269,0,0,0,133,306,92,1,下位,0,0,0
275,275,0,89,249,1,0,0,0,0,1,0,下位,0,0,0
168,168,0,113,317,0,0,0,275,249,-194,1,下位,0,0,0
352,352,0,594,1623,0,0,0,168,317,-148,1,下位,0,0,0
132,132,0,202,560,0,0,0,352,1623,907,6,下位,0,0,0
1203,1203,0,87,244,0,0,0,132,560,1254,2,下位,0,0,0
113,113,0,391,1079,0,0,0,1203,244,-442,1,下位,0,0,0
305,305,0,106,296,0,0,0,113,1079,455,4,下位,0,0,0
297,297,0,95,266,1,0,0,0,0,1,0,下位,0,0,0
335,335,0,96,270,0,0,0,297,266,-212,1,下位,0,0,0
934,934,0,428,1185,0,0,0,335,270,-482,1,下位,0,0,0
276,276,0,99,278,1,0,0,0,0,1,0,下位,0,0,0
931,931,0,118,331,0,0,0,276,278,-166,1,下位,0,0,0
131,131,0,1600,4372,0,0,0,931,331,-1337,1,下位,0,0,0
674,674,0,178,492,0,0,0,131,4372,1197,14,下位,0,0,0
199,199,0,209,580,0,0,0,674,492,602,2,下位,0,0,0
555,555,0,195,539,1,0,0,0,0,1,0,下位,0,0,0
831,831,0,95,265,0,0,0,555,539,-355,2,下位,0,0,0
115,115,0,125,351,0,0,0,831,265,-1430,1,下位,0,0,0
132,132,0,108,301,0,0,0,115,351,-1264,1,下位,0,0,0
131,131,0,330,913,1,0,0,0,0,1,0,下位,0,0,0
401,401,0,322,895,0,0,0,131,913,703,3,下位,0,0,0
133,133,0,89,248,0,0,0,401,895,951,3,下位,0,0,0
27,27,0,98,273,0,0,0,133,248,984,1,下位,0,0,0
715,715,0,317,874,0,0,0,27,273,1213,1,下位,0,0,0
1203,1203,0,108,301,0,0,0,715,874,934,3,下位,0,0,0
552,552,0,537,1486,0,0,0,1203,301,-705,1,下位,0,0,0
116,116,0,94,264,0,0,0,552,1486,-109,5,下位,0,0,0
171,171,0,119,332,0,0,0,116,264,-32,1,下位,0,0,0
160,160,0,125,344,0,0,0,171,332,24,1,下位,0,0,0
901,901,0,1041,2748,1,0,0,0,0,1,0,下位,0,0,0
323,323,0,92,259,0,0,0,901,2748,233,7,下位,0,0,0
131,131,0,196,544,0,0,0,323,259,-29,1,下位,0,0,0
517,517,0,86,240,0,0,0,131,544,304,2,下位,0,0,0
634,634,0,112,313,0,0,0,517,240,-290,1,下位,0,0,0
124,124,0,64,179,1,0,0,0,0,1,0,下位,0,0,0
910,910,0,110,308,0,0,0,124,179,-20,1,下位,0,0,0
454,454,0,80,225,0,0,0,910,308,-1180,1,下位,0,0,0
43,43,0,358,986,1,0,0,0,0,1,0,下位,0,0,0
415,415,0,111,310,0,0,0,43,986,918,4,下位,0,0,0
1201,1201,0,84,236,0,0,0,415,310,559,1,下位,0,0,0
331,331,0,222,603,0,0,0,1201,236,-1142,1,下位,0,0,0
332,332,0,124,347,0,0,0,331,603,-1073,2,下位,0,0,0
1032,1032,0,85,238,0,0,0,332,347,-1261,1,下位,0,0,0
542,542,0,79,222,0,0,0,1032,238,-2688,1,下位,0,0,0
333,333,0,71,200,1,0,0,0,0,1,0,下位,0,0,0
204,204,0,555,1536,1,0,0,0,0,1,0,下位,0,0,0
270,270,0,167,462,0,0,0,204,1536,1208,5,下位,0,0,0
55,55,0,93,261,0,0,0,270,462,1235,2,下位,0,0,0
933,933,0,226,627,0,0,0,55,261,1407,1,下位,0,0,0
112,112,0,444,1230,0,0,0,933,627,529,2,下位,0,0,0
112,112,0,115,322,1,0,0,0,0,1,0,下位,0,0,0
524,524,0,257,716,0,0,0,112,322,142,1,下位,0,0,0
626,626,0,339,938,0,0,0,524,716,13,2,下位,0,0,0
127,127,0,1329,3628,0,0,0,626,938,-59,3,下位,0,0,0
132,132,0,88,246,0,0,0,127,3628,960,12,下位,0,0,0
903,903,0,154,430,1,0,0,0,0,1,0,下位,0,0,0
119,119,0,226,626,1,0,0,0,0,1,0,下位,0,0,0
741,741,0,315,871,0,0,0,119,626,435,2,下位,0,0,0
1204,1204,0,219,610,0,0,0,741,871,111,3,下位,0,0,0
222,222,0,121,338,0,0,0,1204,610,-1221,2,下位,0,0,0
906,906,0,116,324,0,0,0,222,338,-1241,1,下位,0,0,0
572,572,0,964,2578,0,0,0,906,324,-2378,1,下位,0,0,0
374,374,0,236,656,0,0,0,572,2578,-723,7,下位,0,0,0
544,544,0,131,367,0,0,0,374,656,-670,2,下位,0,0,0
39,39,0,114,319,0,0,0,544,367,-1180,1,下位,0,0,0
901,901,0,280,774,1,0,0,0,0,1,0,下位,0,0,0
131,131,0,160,447,0,0,0,901,774,-678,3,下位,0,0,0
243,243,0,117,328,0,0,0,131,447,-442,1,下位,0,0,0
377,377,0,121,338,0,0,0,243,328,-506,1,下位,0,0,0
131,131,0,97,272,0,0,0,377,338,-776,1,下位,0,0,0
631,631,0,310,857,0,0,0,131,272,-715,1,下位,0,0,0
196,196,0,100,281,0,0,0,631,857,-876,3,下位,0,0,0
158,158,0,95,266,0,0,0,196,281,-911,1,下位,0,0,0
49,49,0,295,816,0,0,0,158,266,-900,1,下位,0,0,0
891,891,0,279,771,0,0,0,49,816,-163,3,下位,0,0,0
132,132,0,269,744,0,0,0,891,771,-829,3,下位,0,0,0
907,907,0,296,817,1,0,0,0,0,1,0,下位,0,0,0
565,565,0,204,568,0,0,0,907,817,-645,3,下位,0,0,0
186,186,0,214,580,0,0,0,565,568,-988,2,下位,0,0,0
274,274,0,188,522,1,0,0,0,0,1,0,下位,0,0,0
204,204,0,98,275,0,0,0,274,522,81,2,下位,0,0,0
906,906,0,221,614,1,0,0,0,0,1,0,下位,0,0,0
18,18,0,110,309,0,0,0,906,614,-846,2,下位,0,0,0
736,736,0,227,630,0,0,0,18,309,-566,1,下位,0,0,0
160,160,0,127,356,1,0,0,0,0,1,0,下位,0,0,0
1066,1066,0,85,238,0,0,0,160,356,99,1,下位,0,0,0
780,780,0,1052,2817,0,0,0,1066,238,-1382,1,下位,0,0,0
584,584,0,1434,3868,1,0,0,0,0,1,0,下位,0,0,0
131,131,0,131,368,0,0,0,584,3868,560,12,下位,0,0,0
131,131,0,123,344,0,0,0,131,368,717,1,下位,0,0,0
631,631,0,94,262,1,0,0,0,0,1,0,下位,0,0,0
58,58,0,97,271,1,0,0,0,0,1,0,下位,0,0,0
190,190,0,1728,4700,0,0,0,58,271,178,1,下位,0,0,0
419,419,0,170,470,0,0,0,190,4700,588,11,下位,0,0,0
71,71,0,99,278,1,0,0,0,0,1,0,下位,0,0,0
40,40,0,186,515,0,0,0,71,278,164,1,下位,0,0,0
899,899,0,102,287,0,0,0,40,515,614,2,下位,0,0,0
132,132,0,468,1281,0,0,0,899,287,-549,1,下位,0,0,0
1203,1203,0,144,396,0,0,0,132,1281,519,5,下位,0,0,0
444,444,0,195,543,1,0,0,0,0,1,0,下位,0,0,0
931,931,0,100,281,0,0,0,444,543,-172,2,下位,0,0,0
317,317,0,595,1639,0,0,0,931,281,-1393,1,下位,0,0,0
121,121,0,373,1028,1,0,0,0,0,1,0,下位,0,0,0
931,931,0,237,651,0,0,0,121,1028,834,4,下位,0,0,0
1201,1201,0,422,1170,0,0,0,931,651,-17,3,下位,0,0,0
425,425,0,82,231,0,0,0,1201,1170,-784,4,下位,0,0,0
32,32,0,101,282,0,0,0,425,231,-1238,1,下位,0,0,0
632,632,0,127,356,0,0,0,32,282,-1008,1,下位,0,0,0
1006,1006,0,95,265,0,0,0,632,356,-1671,1,下位,0,0,0
131,131,0,118,330,0,0,0,1006,265,-3029,1,下位,0,0,0
331,331,0,89,248,0,0,0,131,330,-2910,1,下位,0,0,0
501,501,0,105,294,0,0,0,331,248,-3196,1,下位,0,0,0
268,268,0,73,205,0,0,0,501,294,-3710,1,下位,0,0,0
631,631,0,293,812,1,0,0,0,0,1,0,下位,0,0,0
164,164,0,123,344,0,0,0,631,812,-205,3,下位,0,0,0
36,36,0,490,1354,0,0,0,164,344,-126,1,下位,0,0,0
655,655,0,120,337,0,0,0,36,1354,1170,5,下位,0,0,0
46,46,0,180,497,0,0,0,655,337,451,1,下位,0,0,0
633,633,0,91,254,0,0,0,46,497,874,2,下位,0,0,0
333,333,0,89,248,0,0,0,633,254,107,1,下位,0,0,0
633,633,0,126,353,1,0,0,0,0,1,0,下位,0,0,0
131,131,0,173,478,0,0,0,633,353,-667,1,下位,0,0,0
375,375,0,444,1231,0,0,0,131,478,-400,2,下位,0,0,0
39,39,0,81,228,0,0,0,375,1231,226,4,下位,0,0,0
618,618,0,377,1042,0,0,0,39,228,391,1,下位,0,0,0
901,901,0,280,778,1,0,0,0,0,1,0,下位,0,0,0
80,80,0,304,843,0,0,0,901,778,-674,3,下位,0,0,0
331,331,0,597,1647,1,0,0,0,0,1,0,下位,0,0,0
112,112,0,252,688,0,0,0,331,1647,1114,6,下位,0,0,0
315,315,0,275,762,0,0,0,112,688,1621,2,下位,0,0,0
58,58,0,889,2328,0,0,0,315,762,1875,3,下位,0,0,0
59,59,0,219,609,0,0,0,58,2328,217,6,下位,0,0,0
132,132,0,436,1209,1,0,0,0,0,1,0,下位,0,0,0
132,132,0,144,403,0,0,0,132,1209,997,4,下位,0,0,0
454,454,0,94,264,1,0,0,0,0,1,0,下位,0,0,0
633,633,0,94,264,0,0,0,454,264,-467,1,下位,0,0,0
1121,1121,0,98,275,0,0,0,633,264,-1224,1,下位,0,0,0
333,333,0,86,240,1,0,0,0,0,1,0,下位,0,0,0
113,113,0,105,295,0,0,0,333,240,-296,1,下位,0,0,0
281,281,0,100,280,0,0,0,113,295,-183,1,下位,0,0,0
665,665,0,293,811,0,0,0,281,280,-356,1,下位,0,0,0
131,131,0,67,188,1,0,0,0,0,1,0,下位,0,0,0
287,287,0,251,697,1,0,0,0,0,1,0,下位,0,0,0
615,615,0,102,285,0,0,0,287,697,235,2,下位,0,0,0
395,395,0,3026,8172,0,0,0,615,285,-472,1,下位,0,0,0
30,30,0,842,2285,0,0,0,395,8172,449,16,下位,0,0,0
428,428,0,118,331,0,0,0,30,2285,267,7,下位,0,0,0
351,351,0,454,1252,0,0,0,428,331,-92,1,下位,0,0,0
331,331,0,128,359,0,0,0,351,1252,594,5,下位,0,0,0
486,486,0,134,376,0,0,0,331,359,419,1,下位,0,0,0
750,750,0,81,228,0,0,0,486,376,11,1,下位,0,0,0
167,167,0,92,259,0,0,0,750,228,-971,1,下位,0,0,0
112,112,0,217,602,1,0,0,0,0,1,0,下位,0,0,0
1201,1201,0,98,275,0,0,0,112,602,422,2,下位,0,0,0
145,145,0,78,217,0,0,0,1201,275,-1240,1,下位,0,0,0
32,32,0,85,238,0,0,0,145,217,-1257,1,下位,0,0,0
71,71,0,127,355,1,0,0,0,0,1,0,下位,0,0,0
433,433,0,84,236,0,0,0,71,355,241,1,下位,0,0,0
331,331,0,486,1344,0,0,0,433,236,-221,1,下位,0,0,0
1201,1201,0,1468,4029,0,0,0,331,1344,589,4,下位,0,0,0
69,69,0,191,528,0,0,0,1201,4029,261,9,下位,0,0,0
117,117,0,76,212,0,0,0,69,528,678,2,下位,0,0,0
1201,1201,0,184,509,0,0,0,117,212,701,1,下位,0,0,0
46,46,0,104,291,0,0,0,1201,509,-727,2,下位,0,0,0
213,213,0,110,308,0,0,0,46,291,-510,1,下位,0,0,0
315,315,0,80,223,0,0,0,213,308,-546,1,下位,0,0,0
1201,1201,0,1679,4564,0,0,0,315,223,-831,1,下位,0,0,0
46,46,0,421,1165,1,0,0,0,0,1,0,下位,0,0,0
166,166,0,98,274,0,0,0,46,1165,1092,4,下位,0,0,0
715,715,0,102,287,0,0,0,166,274,1098,1,下位,0,0,0
232,232,0,201,559,0,0,0,715,287,232,1,下位,0,0,0
899,899,0,139,389,0,0,0,232,559,417,2,下位,0,0,0
25,25,0,219,608,0,0,0,899,389,-644,1,下位,0,0,0
61,61,0,111,312,0,0,0,25,608,-76,2,下位,0,0,0
1201,1201,0,186,515,0,0,0,61,312,138,1,下位,0,0,0
153,153,0,373,1020,1,0,0,0,0,1,0,下位,0,0,0
132,132,0,172,475,0,0,0,153,1020,774,4,下位,0,0,0
715,715,0,102,286,0,0,0,132,475,1036,2,下位,0,0,0
1204,1204,0,370,981,0,0,0,715,286,169,1,下位,0,0,0
390,390,0,114,320,0,0,0,1204,981,-792,4,下位,0,0,0
98,98,0,250,695,0,0,0,390,320,-1101,1,下位,0,0,0
331,331,0,125,349,0,0,0,98,695,-564,2,下位,0,0,0
44,44,0,114,318,0,0,0,331,349,-749,1,下位,0,0,0
352,352,0,486,1340,0,0,0,44,318,-502,1,下位,0,0,0
296,296,0,191,530,0,0,0,352,1340,270,5,下位,0,0,0
70,70,0,128,357,0,0,0,296,530,324,2,下位,0,0,0
250,250,0,86,242,1,0,0,0,0,1,0,下位,0,0,0
1206,1206,0,417,1153,0,0,0,250,242,-160,1,下位,0,0,0
133,133,0,89,250,0,0,0,1206,1153,-952,4,下位,0,0,0
115,115,0,72,201,0,0,0,133,250,-917,1,下位,0,0,0
1166,1166,0,186,504,0,0,0,115,201,-901,1,下位,0,0,0
555,555,0,81,227,1,0,0,0,0,1,0,下位,0,0,0
61,61,0,90,252,0,0,0,555,227,-667,1,下位,0,0,0
1063,1063,0,604,1658,0,0,0,61,252,-513,1,下位,0,0,0
354,354,0,55,153,0,0,0,1063,1658,-570,6,下位,0,0,0
636,636,0,120,336,0,0,0,354,153,-988,1,下位,0,0,0
329,329,0,118,330,0,0,0,636,336,-1678,1,下位,0,0,0
564,564,0,125,350,1,0,0,0,0,1,0,下位,0,0,0
1205,1205,0,139,390,0,0,0,564,350,-559,1,下位,0,0,0
714,714,0,200,555,1,0,0,0,0,1,0,下位,0,0,0
406,406,0,496,1364,1,0,0,0,0,1,0,下位,0,0,0
116,116,0,111,312,0,0,0,406,1364,710,5,下位,0,0,0
43,43,0,96,269,1,0,0,0,0,1,0,下位,0,0,0
117,117,0,253,701,1,0,0,0,0,1,0,下位,0,0,0
131,131,0,86,241,0,0,0,117,701,513,3,下位,0,0,0
454,454,0,180,499,0,0,0,131,241,543,1,下位,0,0,0
193,193,0,211,575,0,0,0,454,499,310,2,下位,0,0,0
467,467,0,156,430,0,0,0,193,575,574,2,下位,0,0,0
132,132,0,104,292,0,0,0,467,430,251,2,下位,0,0,0
131,131,0,199,540,1,0,0,0,0,1,0,下位,0,0,0
901,901,0,112,313,1,0,0,0,0,1,0,下位,0,0,0
115,115,0,132,370,0,0,0,901,313,-1139,1,下位,0,0,0
331,331,0,94,262,1,0,0,0,0,1,0,下位,0,0,0
29,29,0,207,574,0,0,0,331,262,-271,1,下位,0,0,0
460,460,0,120,336,1,0,0,0,0,1,0,下位,0,0,0
258,258,0,284,786,1,0,0,0,0,1,0,下位,0,0,0
188,188,0,100,279,0,0,0,258,786,371,3,下位,0,0,0
116,116,0,253,699,0,0,0,188,279,347,1,下位,0,0,0
131,131,0,387,1069,0,0,0,116,699,859,3,下位,0,0,0
131,131,0,109,306,0,0,0,131,1069,1717,4,下位,0,0,0
117,117,0,425,1137,0,0,0,131,306,1812,1,下位,0,0,0
70,70,0,114,318,0,0,0,117,1137,334,3,下位,0,0,0
131,131,0,444,1172,0,0,0,70,318,539,1,下位,0,0,0
1201,1201,0,209,581,0,0,0,131,1172,1500,5,下位,0,0,0
25,25,0,121,340,0,0,0,1201,581,144,2,下位,0,0,0
707,707,0,199,552,0,0,0,25,340,444,1,下位,0,0,0
331,331,0,89,249,0,0,0,707,552,-144,2,下位,0,0,0
22,22,0,86,241,0,0,0,331,249,-429,1,下位,0,0,0
902,902,0,97,271,1,0,0,0,0,1,0,下位,0,0,0
1207,1207,0,123,343,0,0,0,902,271,-1183,1,下位,0,0,0
115,115,0,272,752,0,0,0,1207,343,-2787,1,下位,0,0,0
486,486,0,283,785,1,0,0,0,0,1,0,下位,0,0,0
746,746,0,74,206,0,0,0,486,785,2,3,下位,0,0,0
463,463,0,138,385,0,0,0,746,206,-995,1,下位,0,0,0
632,632,0,204,565,0,0,0,463,385,-1357,1,下位,0,0,0
331,331,0,61,171,0,0,0,632,565,-1811,2,下位,0,0,0
21,21,0,202,561,1,0,0,0,0,1,0,下位,0,0,0
36,36,0,93,261,0,0,0,21,561,528,2,下位,0,0,0
264,264,0,238,660,0,0,0,36,261,731,1,下位,0,0,0
1205,1205,0,440,1217,0,0,0,264,660,965,2,下位,0,0,0
333,333,0,128,357,0,0,0,1205,1217,238,4,下位,0,0,0
149,149,0,123,345,0,0,0,333,357,58,1,下位,0,0,0
24,24,0,106,296,0,0,0,149,345,163,1,下位,0,0,0
56,56,0,94,263,0,0,0,24,296,420,1,下位,0,0,0
133,133,0,185,510,0,0,0,56,263,593,1,下位,0,0,0
1022,1022,0,75,211,0,0,0,133,510,888,2,下位,0,0,0
131,131,0,109,305,0,0,0,1022,211,-549,1,下位,0,0,0
543,543,0,120,335,0,0,0,131,305,-455,1,下位,0,0,0
393,393,0,153,429,0,0,0,543,335,-996,1,下位,0,0,0
128,128,0,181,494,1,0,0,0,0,1,0,下位,0,0,0
331,331,0,115,323,0,0,0,128,494,289,2,下位,0,0,0
1202,1202,0,128,359,0,0,0,331,323,78,1,下位,0,0,0
81,81,0,218,607,0,0,0,1202,359,-1502,1,下位,0,0,0
174,174,0,212,590,0,0,0,81,607,-1026,2,下位,0,0,0
91,91,0,180,497,1,0,0,0,0,1,0,下位,0,0,0
481,481,0,196,543,0,0,0,91,497,351,2,下位,0,0,0
334,334,0,192,535,0,0,0,481,543,118,2,下位,0,0,0
139,139,0,396,1094,0,0,0,334,535,114,2,下位,0,0,0
261,261,0,94,262,0,0,0,139,1094,984,4,下位,0,0,0
115,115,0,417,1154,0,0,0,261,262,825,1,下位,0,0,0
631,631,0,106,298,0,0,0,115,1154,1794,4,下位,0,0,0
633,633,0,478,1317,0,0,0,631,298,1074,1,下位,0,0,0
465,465,0,100,279,0,0,0,633,1317,1370,5,下位,0,0,0
218,218,0,208,567,0,0,0,465,279,899,1,下位,0,0,0
191,191,0,186,515,0,0,0,218,567,1114,2,下位,0,0,0
131,131,0,79,221,0,0,0,191,515,1321,2,下位,0,0,0
571,571,0,191,528,0,0,0,131,221,1331,1,下位,0,0,0
108,108,0,86,240,1,0,0,0,0,1,0,下位,0,0,0
248,248,0,116,325,0,0,0,108,240,67,1,下位,0,0,0
131,131,0,2847,7694,0,0,0,248,325,-8,1,下位,0,0,0
38,38,0,111,312,0,0,0,131,7694,266,19,下位,0,0,0
902,902,0,284,743,1,0,0,0,0,1,0,下位,0,0,0
377,377,0,199,555,0,0,0,902,743,-711,3,下位,0,0,0
176,176,0,104,292,0,0,0,377,555,-764,2,下位,0,0,0
131,131,0,102,286,1,0,0,0,0,1,0,下位,0,0,0
748,748,0,95,266,0,0,0,131,286,76,1,下位,0,0,0
561,561,0,397,1099,0,0,0,748,266,-864,1,下位,0,0,0
1202,1202,0,202,561,0,0,0,561,1099,-670,4,下位,0,0,0
902,902,0,223,619,1,0,0,0,0,1,0,下位,0,0,0
131,131,0,631,1744,0,0,0,902,619,-835,2,下位,0,0,0
138,138,0,125,349,1,0,0,0,0,1,0,下位,0,0,0
1204,1204,0,538,1483,0,0,0,138,349,127,1,下位,0,0,0
432,432,0,184,509,1,0,0,0,0,1,0,下位,0,0,0
920,920,0,114,319,0,0,0,432,509,-187,2,下位,0,0,0
1204,1204,0,87,244,0,0,0,920,319,-1352,1,下位,0,0,0
131,131,0,97,271,0,0,0,1204,244,-3050,1,下位,0,0,0
16,16,0,124,348,0,0,0,131,271,-2990,1,下位,0,0,0
332,332,0,137,384,0,0,0,16,348,-2668,1,下位,0,0,0
681,681,0,173,480,1,0,0,0,0,1,0,下位,0,0,0
394,394,0,208,578,0,0,0,681,480,-617,2,下位,0,0,0
902,902,0,469,1298,1,0,0,0,0,1,0,下位,0,0,0
131,131,0,182,504,0,0,0,902,1298,-156,4,下位,0,0,0
1048,1048,0,68,190,0,0,0,131,504,137,2,下位,0,0,0
110,110,0,261,713,1,0,0,0,0,1,0,下位,0,0,0
131,131,0,375,1037,0,0,0,110,713,537,3,下位,0,0,0
742,742,0,1010,2751,0,0,0,131,1037,1363,4,下位,0,0,0
31,31,0,1026,2756,0,0,0,742,2751,469,8,下位,0,0,0
283,283,0,995,2701,0,0,0,31,2756,256,7,下位,0,0,0
659,659,0,274,755,1,0,0,0,0,1,0,下位,0,0,0
151,151,0,109,304,1,0,0,0,0,1,0,下位,0,0,0
131,131,0,151,424,0,0,0,151,304,61,1,下位,0,0,0
332,332,0,90,252,0,0,0,131,424,274,1,下位,0,0,0
421,421,0,144,402,0,0,0,332,252,-9,1,下位,0,0,0
275,275,0,224,624,0,0,0,421,402,-286,1,下位,0,0,0
248,248,0,162,449,0,0,0,275,624,-106,2,下位,0,0,0
616,616,0,439,1217,0,0,0,248,449,-57,2,下位,0,0,0
964,964,0,86,240,0,0,0,616,1217,166,4,下位,0,0,0
619,619,0,82,229,0,0,0,964,240,-1149,1,下位,0,0,0
618,618,0,421,1153,0,0,0,619,229,-1918,1,下位,0,0,0
23,23,0,86,242,0,0,0,618,1153,-1762,4,下位,0,0,0
291,291,0,95,265,0,0,0,23,242,-1557,1,下位,0,0,0
131,131,0,257,711,1,0,0,0,0,1,0,下位,0,0,0
203,203,0,119,333,0,0,0,131,711,501,3,下位,0,0,0
632,632,0,118,329,0,0,0,203,333,507,1,下位,0,0,0
75,75,0,115,323,0,0,0,632,329,-183,1,下位,0,0,0
331,331,0,428,1177,0,0,0,75,323,19,1,下位,0,0,0
631,631,0,104,291,0,0,0,331,1177,662,4,下位,0,0,0
29,29,0,98,274,0,0,0,631,291,-65,1,下位,0,0,0
815,815,0,66,186,0,0,0,29,274,162,1,下位,0,0,0
248,248,0,391,1082,0,0,0,815,186,-967,1,下位,0,0,0
529,529,0,232,645,1,0,0,0,0,1,0,下位,0,0,0
304,304,0,102,286,0,0,0,529,645,-207,2,下位,0,0,0
63,63,0,104,291,0,0,0,304,286,-411,1,下位,0,0,0
285,285,0,197,545,0,0,0,63,291,-222,1,下位,0,0,0
338,338,0,104,291,0,0,0,285,545,-137,2,下位,0,0,0
184,184,0,117,328,0,0,0,338,291,-391,1,下位,0,0,0
1202,1202,0,424,1176,0,0,0,184,328,-360,1,下位,0,0,0
1203,1203,0,256,706,0,0,0,1202,1176,-1123,4,下位,0,0,0
152,152,0,331,904,0,0,0,1203,706,-2357,3,下位,0,0,0
132,132,0,127,356,0,0,0,152,904,-1698,3,下位,0,0,0
72,72,0,411,1137,1,0,0,0,0,1,0,下位,0,0,0
783,783,0,204,567,0,0,0,72,1137,1022,4,下位,0,0,0
555,555,0,145,407,0,0,0,783,567,326,2,下位,0,0,0
1108,1108,0,85,238,0,0,0,555,407,-162,1,下位,0,0,0
91,91,0,166,459,1,0,0,0,0,1,0,下位,0,0,0
161,161,0,86,241,0,0,0,91,459,313,2,下位,0,0,0
25,25,0,316,874,0,0,0,161,241,294,1,下位,0,0,0
1202,1202,0,82,229,0,0,0,25,874,1128,3,下位,0,0,0
615,615,0,116,324,0,0,0,1202,229,-582,1,下位,0,0,0
128,128,0,292,806,0,0,0,615,324,-1250,1,下位,0,0,0
116,116,0,533,1467,0,0,0,128,806,-650,3,下位,0,0,0
42,42,0,96,269,0,0,0,116,1467,630,5,下位,0,0,0
1201,1201,0,308,855,0,0,0,42,269,831,1,下位,0,0,0
32,32,0,64,178,0,0,0,1201,855,-251,3,下位,0,0,0
434,434,0,91,256,0,0,0,32,178,-125,1,下位,0,0,0
536,536,0,297,820,0,0,0,434,256,-569,1,下位,0,0,0
955,955,0,405,1119,0,0,0,536,820,-614,3,下位,0,0,0
559,559,0,95,265,1,0,0,0,0,1,0,下位,0,0,0
411,411,0,300,819,0,0,0,559,265,-636,1,下位,0,0,0
901,901,0,476,1313,1,0,0,0,0,1,0,下位,0,0,0
178,178,0,195,542,0,0,0,901,1313,-139,4,下位,0,0,0
343,343,0,561,1536,0,0,0,178,542,116,2,下位,0,0,0
428,428,0,85,239,1,0,0,0,0,1,0,下位,0,0,0
421,421,0,309,844,0,0,0,428,239,-450,1,下位,0,0,0
115,115,0,129,361,0,0,0,421,844,-285,3,下位,0,0,0
568,568,0,104,291,0,0,0,115,361,-109,1,下位,0,0,0
493,493,0,111,311,0,0,0,568,291,-734,1,下位,0,0,0
115,115,0,3588,9609,0,0,0,493,311,-1218,1,下位,0,0,0
74,74,0,325,885,0,0,0,115,9609,1021,22,下位,0,0,0
132,132,0,111,312,0,0,0,74,885,1787,4,下位,0,0,0
331,331,0,236,655,0,0,0,132,312,1886,1,下位,0,0,0
39,39,0,162,455,0,0,0,331,655,2007,2,下位,0,0,0
12,12,0,222,616,0,0,0,39,455,2399,1,下位,0,0,0
553,553,0,317,876,0,0,0,12,616,2996,2,下位,0,0,0
815,815,0,100,281,1,0,0,0,0,1,0,下位,0,0,0
597,597,0,104,292,0,0,0,815,281,-1033,1,下位,0,0,0
473,473,0,186,515,0,0,0,597,292,-1704,1,下位,0,0,0
242,242,0,205,569,0,0,0,473,515,-1952,2,下位,0,0,0
636,636,0,109,306,0,0,0,242,569,-1773,2,下位,0,0,0
1098,1098,0,410,1125,0,0,0,636,306,-2493,1,下位,0,0,0
269,269,0,225,625,0,0,0,1098,1125,-3139,4,下位,0,0,0
238,238,0,329,909,1,0,0,0,0,1,0,下位,0,0,0
333,333,0,120,335,0,0,0,238,909,526,3,下位,0,0,0
131,131,0,469,1295,0,0,0,333,335,324,1,下位,0,0,0
367,367,0,125,350,0,0,0,131,1295,1408,5,下位,0,0,0
434,434,0,208,577,0,0,0,367,350,1166,1,下位,0,0,0
332,332,0,122,341,0,0,0,434,577,1043,2,下位,0,0,0
181,181,0,198,542,0,0,0,332,341,849,1,下位,0,0,0
132,132,0,96,269,0,0,0,181,542,1099,2,下位,0,0,0
254,254,0,234,652,0,0,0,132,269,1155,1,下位,0,0,0
937,937,0,128,357,0,0,0,254,652,1397,2,下位,0,0,0
469,469,0,357,990,0,0,0,937,357,243,1,下位,0,0,0
931,931,0,76,214,0,0,0,469,990,477,3,下位,0,0,0
689,689,0,233,647,0,0,0,931,214,-811,1,下位,0,0,0
569,569,0,293,811,1,0,0,0,0,1,0,下位,0,0,0
131,131,0,92,259,0,0,0,569,811,-106,3,下位,0,0,0
763,763,0,214,594,0,0,0,131,259,-58,1,下位,0,0,0
378,378,0,97,272,0,0,0,763,594,-695,2,下位,0,0,0
348,348,0,589,1573,0,0,0,378,272,-1033,1,下位,0,0,0
331,331,0,115,322,0,0,0,348,1573,-21,6,下位,0,0,0
923,923,0,87,244,0,0,0,331,322,-233,1,下位,0,0,0
331,331,0,92,257,0,0,0,923,244,-1478,1,下位,0,0,0
32,32,0,123,345,0,0,0,331,257,-1755,1,下位,0,0,0
698,698,0,114,319,1,0,0,0,0,1,0,下位,0,0,0
131,131,0,76,213,0,0,0,698,319,-806,1,下位,0,0,0
131,131,0,351,928,0,0,0,131,213,-804,1,下位,0,0,0
334,334,0,87,244,0,0,0,131,928,-87,4,下位,0,0,0
392,392,0,84,235,1,0,0,0,0,1,0,下位,0,0,0
634,634,0,112,313,0,0,0,392,235,-396,1,下位,0,0,0
757,757,0,201,557,0,0,0,634,313,-1106,1,下位,0,0,0
615,615,0,95,265,0,0,0,757,557,-1770,2,下位,0,0,0
513,513,0,116,325,0,0,0,615,265,-2497,1,下位,0,0,0
534,534,0,242,673,0,0,0,513,325,-2999,1,下位,0,0,0
570,570,0,65,181,0,0,0,534,673,-3187,2,下位,0,0,0
247,247,0,120,337,0,0,0,570,181,-3925,1,下位,0,0,0
331,331,0,85,238,1,0,0,0,0,1,0,下位,0,0,0
271,271,0,121,338,0,0,0,331,238,-295,1,下位,0,0,0
131,131,0,531,1467,0,0,0,271,338,-394,1,下位,0,0,0
194,194,0,120,337,0,0,0,131,1467,862,5,下位,0,0,0
28,28,0,1351,3601,0,0,0,194,337,886,1,下位,0,0,0
37,37,0,306,846,0,0,0,28,3601,1050,10,下位,0,0,0
944,944,0,80,225,0,0,0,37,846,1836,3,下位,0,0,0
1204,1204,0,218,606,0,0,0,944,225,538,1,下位,0,0,0
315,315,0,205,570,1,0,0,0,0,1,0,下位,0,0,0
38,38,0,416,1150,0,0,0,315,570,63,2,下位,0,0,0
333,333,0,348,964,0,0,0,38,1150,1152,4,下位,0,0,0
166,166,0,201,556,0,0,0,333,964,1579,3,下位,0,0,0
317,317,0,1628,4413,0,0,0,166,556,1867,2,下位,0,0,0
1201,1201,0,304,843,0,0,0,317,4413,1576,12,下位,0,0,0
288,288,0,121,338,0,0,0,1201,843,482,3,下位,0,0,0
901,901,0,93,260,1,0,0,0,0,1,0,下位,0,0,0
247,247,0,87,243,0,0,0,901,260,-1192,1,下位,0,0,0
132,132,0,97,271,0,0,0,247,243,-1347,1,下位,0,0,0
614,614,0,108,303,0,0,0,132,271,-1289,1,下位,0,0,0
616,616,0,315,873,0,0,0,614,303,-1976,1,下位,0,0,0
255,255,0,131,366,1,0,0,0,0,1,0,下位,0,0,0
66,66,0,216,600,0,0,0,255,366,-44,1,下位,0,0,0
1059,1059,0,95,267,0,0,0,66,600,450,2,下位,0,0,0
582,582,0,230,641,0,0,0,1059,267,-991,1,下位,0,0,0
1212,1212,0,184,510,0,0,0,582,641,-1289,2,下位,0,0,0
635,635,0,365,1008,0,0,0,1212,510,-2734,2,下位,0,0,0
506,506,0,203,564,1,0,0,0,0,1,0,下位,0,0,0
131,131,0,1472,4036,0,0,0,506,564,-251,2,下位,0,0,0
131,131,0,90,251,0,0,0,131,4036,1121,10,下位,0,0,0
632,632,0,73,204,0,0,0,131,251,1161,1,下位,0,0,0
115,115,0,422,1166,0,0,0,632,204,346,1,下位,0,0,0
719,719,0,95,265,1,0,0,0,0,1,0,下位,0,0,0
808,808,0,432,1187,0,0,0,719,265,-894,1,下位,0,0,0
1201,1201,0,108,302,0,0,0,808,1187,-1010,5,下位,0,0,0
942,942,0,204,567,0,0,0,1201,302,-2645,1,下位,0,0,0
386,386,0,226,628,0,0,0,942,567,-3597,2,下位,0,0,0
212,212,0,213,590,1,0,0,0,0,1,0,下位,0,0,0
51,51,0,81,227,0,0,0,212,590,249,2,下位,0,0,0
883,883,0,212,589,0,0,0,51,227,394,1,下位,0,0,0
1201,1201,0,161,445,0,0,0,883,589,-441,2,下位,0,0,0
618,618,0,78,218,0,0,0,1201,445,-1933,2,下位,0,0,0
1201,1201,0,116,324,0,0,0,618,218,-2712,1,下位,0,0,0
137,137,0,171,475,0,0,0,1201,324,-4325,1,下位,0,0,0
1202,1202,0,1370,3740,0,0,0,137,475,-4071,2,下位,0,0,0
38,38,0,667,1843,1,0,0,0,0,1,0,下位,0,0,0
510,510,0,112,314,0,0,0,38,1843,1783,6,下位,0,0,0
856,856,0,187,519,0,0,0,510,314,1274,1,下位,0,0,0
936,936,0,91,254,0,0,0,856,519,412,2,下位,0,0,0
633,633,0,98,274,0,0,0,936,254,-844,1,下位,0,0,0
931,931,0,96,268,0,0,0,633,274,-1591,1,下位,0,0,0
84,84,0,108,303,0,0,0,931,268,-2825,1,下位,0,0,0
633,633,0,301,822,0,0,0,84,303,-2657,1,下位,0,0,0
339,339,0,189,525,0,0,0,633,822,-2856,3,下位,0,0,0
131,131,0,456,1256,0,0,0,339,525,-2878,2,下位,0,0,0
132,132,0,106,296,1,0,0,0,0,1,0,下位,0,0,0
631,631,0,178,493,0,0,0,132,296,84,1,下位,0,0,0
242,242,0,506,1399,0,0,0,631,493,-441,2,下位,0,0,0
196,196,0,318,880,0,0,0,242,1399,568,5,下位,0,0,0
683,683,0,93,261,0,0,0,196,880,1132,3,下位,0,0,0
359,359,0,403,1114,0,0,0,683,261,291,1,下位,0,0,0
81,81,0,320,887,0,0,0,359,1114,826,4,下位,0,0,0
1098,1098,0,491,1359,0,0,0,81,887,1582,3,下位,0,0,0
34,34,0,122,342,1,0,0,0,0,1,0,下位,0,0,0
167,167,0,91,256,0,0,0,34,342,288,1,下位,0,0,0
1201,1201,0,92,259,0,0,0,167,256,275,1,下位,0,0,0
227,227,0,100,280,0,0,0,1201,259,-1403,1,下位,0,0,0
205,205,0,70,197,0,0,0,227,280,-1489,1,下位,0,0,0
700,700,0,209,580,0,0,0,205,197,-1623,1,下位,0,0,0
105,105,0,113,315,0,0,0,700,580,-2172,2,下位,0,0,0
932,932,0,135,377,0,0,0,105,315,-2026,1,下位,0,0,0
268,268,0,205,570,0,0,0,932,377,-3152,1,下位,0,0,0
334,334,0,78,217,0,0,0,268,570,-3014,2,下位,0,0,0
85,85,0,142,392,1,0,0,0,0,1,0,下位,0,0,0
1201,1201,0,1880,5105,0,0,0,85,392,256,2,下位,0,0,0
32,32,0,115,323,1,0,0,0,0,1,0,下位,0,0,0
725,725,0,180,498,0,0,0,32,323,272,1,下位,0,0,0
624,624,0,211,586,0,0,0,725,498,-399,2,下位,0,0,0
575,575,0,86,241,0,0,0,624,586,-819,2,下位,0,0,0
370,370,0,228,634,0,0,0,575,241,-1505,1,下位,0,0,0
963,963,0,180,497,0,0,0,370,634,-1468,2,下位,0,0,0
816,816,0,82,230,0,0,0,963,497,-2524,2,下位,0,0,0
330,330,0,100,279,0,0,0,816,230,-3610,1,下位,0,0,0
668,668,0,172,476,1,0,0,0,0,1,0,下位,0,0,0
422,422,0,407,1123,0,0,0,668,476,-600,2,下位,0,0,0
901,901,0,1082,2937,1,0,0,0,0,1,0,下位,0,0,0
540,540,0,86,240,0,0,0,901,2937,934,11,下位,0,0,0
622,622,0,269,742,0,0,0,540,240,303,1,下位,0,0,0
131,131,0,109,306,1,0,0,0,0,1,0,下位,0,0,0
864,864,0,589,1623,0,0,0,131,306,96,1,下位,0,0,0
631,631,0,85,239,0,0,0,864,1623,325,6,下位,0,0,0
35,35,0,363,1003,0,0,0,631,239,-454,1,下位,0,0,0
931,931,0,59,164,0,0,0,35,1003,493,4,下位,0,0,0
901,901,0,105,293,1,0,0,0,0,1,0,下位,0,0,0
68,68,0,186,517,0,0,0,901,293,-1159,1,下位,0,0,0
523,523,0,102,285,0,0,0,68,517,-752,2,下位,0,0,0
1083,1083,0,239,651,0,0,0,523,285,-1311,1,下位,0,0,0
332,332,0,397,1095,1,0,0,0,0,1,0,下位,0,0,0
331,331,0,610,1672,0,0,0,332,1095,561,4,下位,0,0,0
31,31,0,379,1008,0,0,0,331,1672,1699,6,下位,0,0,0
227,227,0,696,1832,0,0,0,31,1008,257,3,下位,0,0,0
758,758,0,294,802,0,0,0,227,1832,577,6,下位,0,0,0
169,169,0,98,275,0,0,0,758,802,156,3,下位,0,0,0
1202,1202,0,124,348,0,0,0,169,275,158,1,下位,0,0,0
33,33,0,89,248,0,0,0,1202,348,-1433,1,下位,0,0,0
902,902,0,238,660,1,0,0,0,0,1,0,下位,0,0,0
271,271,0,128,358,0,0,0,902,660,-794,2,下位,0,0,0
132,132,0,179,495,0,0,0,271,358,-873,1,下位,0,0,0
159,159,0,199,553,1,0,0,0,0,1,0,下位,0,0,0
131,131,0,220,609,0,0,0,159,553,298,2,下位,0,0,0
189,189,0,185,503,0,0,0,131,609,696,2,下位,0,0,0
1205,1205,0,245,677,0,0,0,189,503,894,2,下位,0,0,0
358,358,0,906,2463,0,0,0,1205,677,-373,3,下位,0,0,0
1202,1202,0,109,304,0,0,0,358,2463,828,8,下位,0,0,0
131,131,0,395,1090,0,0,0,1202,304,-807,1,下位,0,0,0
588,588,0,435,1205,1,0,0,0,0,1,0,下位,0,0,0
315,315,0,87,243,0,0,0,588,1205,258,4,下位,0,0,0
131,131,0,120,335,0,0,0,315,243,-7,1,下位,0,0,0
346,346,0,197,546,1,0,0,0,0,1,0,下位,0,0,0
791,791,0,456,1260,0,0,0,346,546,-11,2,下位,0,0,0
56,56,0,94,264,0,0,0,791,1260,-27,4,下位,0,0,0
170,170,0,124,346,0,0,0,56,264,147,1,下位,0,0,0
505,505,0,80,225,1,0,0,0,0,1,0,下位,0,0,0
289,289,0,74,208,0,0,0,505,225,-589,1,下位,0,0,0
186,186,0,123,345,0,0,0,289,208,-847,1,下位,0,0,0
144,144,0,226,628,0,0,0,186,345,-802,1,下位,0,0,0
115,115,0,93,260,0,0,0,144,628,-406,2,下位,0,0,0
184,184,0,608,1677,0,0,0,115,260,-331,1,下位,0,0,0
232,232,0,229,636,1,0,0,0,0,1,0,下位,0,0,0
331,331,0,116,325,0,0,0,232,636,263,2,下位,0,0,0
605,605,0,1494,4089,0,0,0,331,325,54,1,下位,0,0,0
73,73,0,214,591,0,0,0,605,4089,755,12,下位,0,0,0
931,931,0,107,299,0,0,0,73,591,1228,2,下位,0,0,0
32,32,0,92,259,0,0,0,931,299,25,1,下位,0,0,0
839,839,0,113,316,0,0,0,32,259,232,1,下位,0,0,0
35,35,0,52,147,0,0,0,839,316,-805,1,下位,0,0,0
901,901,0,176,487,1,0,0,0,0,1,0,下位,0,0,0
443,443,0,1347,3631,0,0,0,901,487,-965,2,下位,0,0,0
131,131,0,1397,3723,0,0,0,443,3631,1146,11,下位,0,0,0
158,158,0,250,695,1,0,0,0,0,1,0,下位,0,0,0
83,83,0,108,301,0,0,0,158,695,441,2,下位,0,0,0
898,898,0,82,231,0,0,0,83,301,608,1,下位,0,0,0
175,175,0,75,209,1,0,0,0,0,1,0,下位,0,0,0
548,548,0,213,591,0,0,0,175,209,-72,1,下位,0,0,0
331,331,0,231,641,1,0,0,0,0,1,0,下位,0,0,0
211,211,0,405,1118,0,0,0,331,641,108,2,下位,0,0,0
141,141,0,81,228,0,0,0,211,1118,886,4,下位,0,0,0
1201,1201,0,104,292,0,0,0,141,228,887,1,下位,0,0,0
140,140,0,112,314,0,0,0,1201,292,-758,1,下位,0,0,0
618,618,0,93,260,1,0,0,0,0,1,0,下位,0,0,0
1132,1132,0,95,265,0,0,0,618,260,-736,1,下位,0,0,0
29,29,0,123,345,0,0,0,1132,265,-2297,1,下位,0,0,0
589,589,0,143,400,1,0,0,0,0,1,0,下位,0,0,0
1204,1204,0,259,722,0,0,0,589,400,-549,1,下位,0,0,0
742,742,0,100,279,0,0,0,1204,722,-1769,2,下位,0,0,0
588,588,0,144,404,0,0,0,742,279,-2687,1,下位,0,0,0
903,903,0,239,664,1,0,0,0,0,1,0,下位,0,0,0
48,48,0,205,569,0,0,0,903,664,-791,2,下位,0,0,0
686,686,0,99,276,0,0,0,48,569,-299,2,下位,0,0,0
901,901,0,190,525,1,0,0,0,0,1,0,下位,0,0,0
141,141,0,95,266,0,0,0,901,525,-927,2,下位,0,0,0
256,256,0,96,270,0,0,0,141,266,-888,1,下位,0,0,0
1202,1202,0,371,1025,0,0,0,256,270,-1031,1,下位,0,0,0
131,131,0,92,257,0,0,0,1202,1025,-1945,4,下位,0,0,0
316,316,0,73,205,0,0,0,131,257,-1899,1,下位,0,0,0
163,163,0,168,466,0,0,0,316,205,-2204,1,下位,0,0,0
826,826,0,115,321,1,0,0,0,0,1,0,下位,0,0,0
701,701,0,190,527,0,0,0,826,321,-1010,1,下位,0,0,0
1005,1005,0,242,667,0,0,0,701,527,-1614,2,下位,0,0,0
1203,1203,0,104,291,0,0,0,1005,667,-2568,3,下位,0,0,0
903,903,0,177,493,1,0,0,0,0,1,0,下位,0,0,0
727,727,0,117,328,1,0,0,0,0,1,0,下位,0,0,0
631,631,0,908,2454,0,0,0,727,328,-844,1,下位,0,0,0
856,856,0,1387,3805,0,0,0,631,2454,230,9,下位,0,0,0
306,306,0,96,270,0,0,0,856,3805,253,9,下位,0,0,0
114,114,0,111,312,1,0,0,0,0,1,0,下位,0,0,0
631,631,0,246,683,0,0,0,114,312,129,1,下位,0,0,0
557,557,0,116,325,0,0,0,631,683,-206,2,下位,0,0,0
114,114,0,94,264,0,0,0,557,325,-779,1,下位,0,0,0
932,932,0,227,630,0,0,0,114,264,-699,1,下位,0,0,0
331,331,0,97,271,0,0,0,932,630,-1572,2,下位,0,0,0
331,331,0,473,1293,0,0,0,331,271,-1835,1,下位,0,0,0
526,526,0,99,276,0,0,0,331,1293,-1076,4,下位,0,0,0
207,207,0,1017,2763,0,0,0,526,276,-1648,1,下位,0,0,0
45,45,0,110,308,0,0,0,207,2763,258,9,下位,0,0,0
631,631,0,105,294,1,0,0,0,0,1,0,下位,0,0,0
332,332,0,436,1178,0,0,0,631,294,-723,1,下位,0,0,0
213,213,0,191,529,0,0,0,332,1178,-80,4,下位,0,0,0
333,333,0,229,636,1,0,0,0,0,1,0,下位,0,0,0
1205,1205,0,692,1914,0,0,0,333,636,100,2,下位,0,0,0
207,207,0,86,240,0,0,0,1205,1914,70,6,下位,0,0,0
830,830,0,279,772,1,0,0,0,0,1,0,下位,0,0,0
212,212,0,336,934,0,0,0,830,772,-566,3,下位,0,0,0
592,592,0,110,307,0,0,0,212,934,26,3,下位,0,0,0
1201,1201,0,2489,6668,0,0,0,592,307,-622,1,下位,0,0,0
445,445,0,104,292,0,0,0,1201,6668,259,16,下位,0,0,0
131,131,0,101,284,1,0,0,0,0,1,0,下位,0,0,0
789,789,0,106,297,0,0,0,131,284,74,1,下位,0,0,0
691,691,0,443,1181,0,0,0,789,297,-902,1,下位,0,0,0
631,631,0,128,358,1,0,0,0,0,1,0,下位,0,0,0
585,585,0,87,243,0,0,0,631,358,-659,1,下位,0,0,0
901,901,0,66,185,1,0,0,0,0,1,0,下位,0,0,0
115,115,0,116,326,0,0,0,901,185,-1267,1,下位,0,0,0
291,291,0,102,287,0,0,0,115,326,-1126,1,下位,0,0,0
308,308,0,91,255,0,0,0,291,287,-1308,1,下位,0,0,0
1096,1096,0,478,1326,0,0,0,308,255,-1550,1,下位,0,0,0
