REGゲーム数,当該REGゲーム数,REG枚数,ATゲーム数,AT枚数,朝イチ,スルー回数,AT間ゲーム数,前回当選ゲーム数,前回獲得枚数,前回差枚数,前回連荘数,前回種別,機種別条件
408,257,69,85,50,1,0,0,0,0,1,0,下位,0
151,151,0,85,50,1,1,257,0,0,1,0,下位,0
182,182,0,683,872,0,0,0,408,100,-413,1,下位,0
400,400,0,581,834,0,0,0,182,922,249,6,下位,0
163,163,0,725,889,0,0,0,400,884,562,3,下位,0
1077,919,69,429,507,0,0,0,163,939,1268,6,下位,0
158,158,0,429,507,0,1,919,163,939,1268,6,下位,0
388,388,0,85,49,0,0,0,1077,557,355,4,下位,0
309,309,0,347,369,0,0,0,388,99,-100,1,下位,0
190,190,0,613,674,0,0,0,309,419,-122,4,下位,0
674,231,76,183,216,0,0,0,190,724,331,5,下位,0
443,443,0,183,216,0,1,231,190,724,331,5,下位,0
529,529,0,757,1304,0,0,0,674,266,-290,2,下位,0
358,358,0,84,48,0,0,0,529,1354,308,2,下位,0
169,169,0,283,291,0,0,0,358,98,-105,1,下位,0
201,106,67,459,637,1,0,0,0,0,1,0,下位,0
95,95,0,459,637,1,1,106,0,0,1,0,下位,0
129,129,0,87,54,0,0,0,201,687,468,4,下位,0
333,333,0,348,453,0,0,0,129,104,388,1,下位,0
560,560,0,194,195,0,0,0,333,503,415,3,下位,0
573,573,0,88,56,0,0,0,560,245,-140,2,下位,0
59,59,0,789,1077,0,0,0,573,106,-853,1,下位,0
315,315,0,491,529,0,0,0,59,1127,190,5,下位,0
434,273,69,623,686,0,0,0,315,579,319,5,下位,0
161,161,0,623,686,0,1,273,315,579,319,5,下位,0
886,886,0,87,54,0,0,0,434,736,504,6,下位,0
380,380,0,385,490,0,0,0,886,104,-658,1,下位,0
394,394,0,431,553,0,0,0,380,540,-661,3,下位,0
783,783,0,163,117,0,0,0,394,603,-621,2,下位,0
484,263,67,396,552,0,0,0,783,167,-1573,1,下位,0
221,221,0,396,552,0,1,263,783,167,-1573,1,下位,0
146,146,0,86,52,1,0,0,0,0,1,0,下位,0
379,379,0,543,797,0,0,0,146,102,-106,1,下位,0
484,484,0,165,154,0,0,0,379,847,200,5,下位,0
888,558,71,1063,1713,0,0,0,484,204,-287,2,下位,0
330,330,0,1063,1713,0,1,558,484,204,-287,2,下位,0
169,169,0,224,246,0,0,0,888,1763,279,4,下位,0
313,313,0,562,694,0,0,0,169,296,334,2,下位,0
510,278,67,280,297,0,0,0,313,744,631,5,下位,0
232,232,0,280,297,0,1,278,313,744,631,5,下位,0
168,168,0,340,368,0,0,0,510,347,317,3,下位,0
886,168,71,331,443,0,0,0,168,418,495,3,下位,0
718,718,0,331,443,0,1,168,168,418,495,3,下位,0
988,501,69,87,54,0,0,0,886,493,-207,2,下位,0
487,487,0,87,54,0,1,501,886,493,-207,2,下位,0
268,268,0,1235,1669,0,0,0,988,104,-1446,1,下位,0
167,167,0,185,144,0,0,0,268,1719,-110,11,下位,0
275,275,0,439,493,0,0,0,167,194,-155,2,下位,0
459,459,0,86,52,0,0,0,275,543,-5,4,下位,0
48,48,0,195,226,0,0,0,459,102,-559,1,下位,0
477,325,65,368,518,1,0,0,0,0,1,0,下位,0
152,152,0,368,518,1,1,325,0,0,1,0,下位,0
679,171,205,85,50,0,0,0,477,568,-47,3,下位,0
508,207,136,85,50,0,1,171,477,568,-47,3,下位,0
301,199,69,85,50,0,2,378,477,568,-47,3,下位,0
102,102,0,85,50,0,3,577,477,568,-47,3,下位,0
481,481,0,567,649,0,0,0,679,100,-712,1,下位,0
59,59,0,380,439,0,0,0,481,699,-700,5,下位,0
780,161,142,165,168,0,0,0,59,489,-295,4,下位,0
619,511,71,165,168,0,1,161,59,489,-295,4,下位,0
108,108,0,165,168,0,2,672,59,489,-295,4,下位,0
310,310,0,189,127,0,0,0,780,218,-1049,2,下位,0
719,271,140,508,564,0,0,0,310,177,-1315,2,下位,0
448,295,71,508,564,0,1,271,310,177,-1315,2,下位,0
153,153,0,508,564,0,2,566,310,177,-1315,2,下位,0
89,89,0,331,478,0,0,0,719,614,-1588,5,下位,0
117,117,0,84,48,0,0,0,89,528,-1187,2,下位,0
174,135,71,88,56,0,0,0,117,98,-1256,1,下位,0
39,39,0,88,56,0,1,135,117,98,-1256,1,下位,0
538,538,0,460,647,0,0,0,174,106,-1328,1,下位,0
88,88,0,193,181,0,0,0,538,697,-1400,4,下位,0
542,542,0,83,46,0,0,0,88,231,-1295,2,下位,0
351,351,0,377,398,0,0,0,542,96,-1973,1,下位,0
364,364,0,1243,1497,0,0,0,351,448,-2026,4,下位,0
392,106,67,473,589,1,0,0,0,0,1,0,下位,0
286,286,0,473,589,1,1,106,0,0,1,0,下位,0
824,594,71,87,54,0,0,0,392,639,147,4,下位,0
230,230,0,87,54,0,1,594,392,639,147,4,下位,0
331,331,0,667,963,0,0,0,824,104,-856,1,下位,0
1165,411,200,265,217,0,0,0,331,1013,-316,6,下位,0
754,357,131,265,217,0,1,411,331,1013,-316,6,下位,0
397,372,66,265,217,0,2,768,331,1013,-316,6,下位,0
25,25,0,265,217,0,3,1140,331,1013,-316,6,下位,0
887,273,134,86,52,0,0,0,1165,267,-1513,2,下位,0
614,96,65,86,52,0,1,273,1165,267,-1513,2,下位,0
518,518,0,86,52,0,2,369,1165,267,-1513,2,下位,0
1014,361,266,630,831,0,0,0,887,102,-2544,1,下位,0
653,24,204,630,831,0,1,361,887,102,-2544,1,下位,0
629,171,133,630,831,0,2,385,887,102,-2544,1,下位,0
458,235,67,630,831,0,3,556,887,102,-2544,1,下位,0
223,223,0,630,831,0,4,791,887,102,-2544,1,下位,0
428,428,0,213,208,0,0,0,1014,881,-2846,6,下位,0
363,363,0,559,726,0,0,0,428,258,-3199,2,下位,0
401,401,0,88,56,1,0,0,0,0,1,0,下位,0
694,503,68,371,497,0,0,0,401,106,-466,1,下位,0
191,191,0,371,497,0,1,503,401,106,-466,1,下位,0
697,278,207,88,56,0,0,0,694,547,-843,4,下位,0
419,31,140,88,56,0,1,278,694,547,-843,4,下位,0
388,80,69,88,56,0,2,309,694,547,-843,4,下位,0
308,308,0,88,56,0,3,389,694,547,-843,4,下位,0
168,168,0,185,201,0,0,0,697,106,-1525,1,下位,0
1059,671,71,380,359,0,0,0,168,251,-1514,2,下位,0
388,388,0,380,359,0,1,671,168,251,-1514,2,下位,0
254,254,0,87,54,1,0,0,0,0,1,0,下位,0
534,534,0,88,56,0,0,0,254,104,-258,1,下位,0
409,409,0,183,207,0,0,0,534,106,-915,1,下位,0
263,263,0,88,56,0,0,0,409,257,-1242,2,下位,0
478,478,0,215,247,0,0,0,263,106,-1512,1,下位,0
174,174,0,338,302,0,0,0,478,297,-1898,2,下位,0
682,265,67,693,909,0,0,0,174,352,-1795,3,下位,0
417,417,0,693,909,0,1,265,174,352,-1795,3,下位,0
803,379,134,254,278,0,0,0,682,959,-1744,6,下位,0
424,27,63,254,278,0,1,379,682,959,-1744,6,下位,0
397,397,0,254,278,0,2,406,682,959,-1744,6,下位,0
158,158,0,169,176,0,0,0,803,328,-2429,2,下位,0
90,90,0,517,648,0,0,0,158,226,-2429,1,下位,0
320,121,71,1164,1444,1,0,0,0,0,1,0,下位,0
199,199,0,1164,1444,1,1,121,0,0,1,0,下位,0
206,206,0,774,1012,0,0,0,320,1494,1109,12,下位,0
720,359,140,87,54,0,0,0,206,1062,1877,7,下位,0
361,133,71,87,54,0,1,359,206,1062,1877,7,下位,0
228,228,0,87,54,0,2,492,206,1062,1877,7,下位,0
694,133,71,471,594,0,0,0,720,104,1092,1,下位,0
561,561,0,471,594,0,1,133,720,104,1092,1,下位,0
100,100,0,279,295,0,0,0,694,644,816,4,下位,0
385,142,78,87,54,0,0,0,100,345,1018,3,下位,0
243,243,0,87,54,0,1,142,100,345,1018,3,下位,0
482,97,136,87,54,0,0,0,385,104,650,1,下位,0
385,182,65,87,54,0,1,97,385,104,650,1,下位,0
203,203,0,87,54,0,2,279,385,104,650,1,下位,0
559,100,65,415,509,0,0,0,482,104,201,1,下位,0
459,459,0,415,509,0,1,100,482,104,201,1,下位,0
112,112,0,219,231,0,0,0,559,559,26,4,下位,0
896,175,134,329,405,0,0,0,112,281,147,2,下位,0
721,412,65,329,405,0,1,175,112,281,147,2,下位,0
309,309,0,329,405,0,2,587,112,281,147,2,下位,0
558,438,71,303,425,0,0,0,896,455,-544,3,下位,0
120,120,0,303,425,1,0,0,0,0,1,0,下位,0
371,285,67,609,820,0,0,0,120,475,305,1,下位,0
86,86,0,609,820,0,1,285,120,475,305,1,下位,0
633,610,67,601,676,0,0,0,371,870,712,6,下位,0
23,23,0,601,676,0,1,610,371,870,712,6,下位,0
55,55,0,86,52,0,0,0,633,726,601,6,下位,0
863,863,0,1571,2253,0,0,0,55,102,624,1,下位,0
890,783,67,89,58,0,0,0,863,2303,1694,11,下位,0
107,107,0,89,58,0,1,783,863,2303,1694,11,下位,0
70,70,0,177,153,0,0,0,890,108,597,1,下位,0
1072,995,65,203,215,0,0,0,70,203,700,2,下位,0
77,77,0,203,215,0,1,995,70,203,700,2,下位,0
117,117,0,487,636,0,0,0,1072,265,-501,2,下位,0
302,100,65,383,459,1,0,0,0,0,1,0,下位,0
202,202,0,383,459,1,1,100,0,0,1,0,下位,0
312,312,0,387,556,0,0,0,302,509,143,4,下位,0
60,60,0,2257,3305,0,0,0,312,606,303,4,下位,0
110,110,0,1171,2024,0,0,0,60,3355,3572,17,下位,0
174,174,0,293,329,0,0,0,110,2074,5489,5,下位,0
270,270,0,85,50,0,0,0,174,379,5619,3,下位,0
677,427,71,189,172,0,0,0,270,100,5333,1,下位,0
250,250,0,189,172,0,1,427,270,100,5333,1,下位,0
163,163,0,177,140,0,0,0,677,222,4659,2,下位,0
947,262,138,197,213,0,0,0,163,190,4616,1,下位,0
685,560,71,197,213,0,1,262,163,190,4616,1,下位,0
125,125,0,197,213,0,2,822,163,190,4616,1,下位,0
174,74,69,86,52,0,0,0,947,263,3664,2,下位,0
100,100,0,86,52,0,1,74,947,263,3664,2,下位,0
277,277,0,297,239,0,0,0,174,102,3586,1,下位,0
465,257,71,310,380,0,0,0,277,289,3479,3,下位,0
208,208,0,310,380,0,1,257,277,289,3479,3,下位,0
612,157,208,363,259,0,0,0,465,430,3316,2,下位,0
455,265,137,363,259,0,1,157,465,430,3316,2,下位,0
190,165,67,363,259,1,0,0,0,0,1,0,下位,0
25,25,0,363,259,1,1,165,0,0,1,0,下位,0
166,166,0,163,171,0,0,0,190,309,105,4,下位,0
207,207,0,917,1301,0,0,0,166,221,89,2,下位,0
339,339,0,463,437,0,0,0,207,1351,1144,6,下位,0
472,368,71,357,490,0,0,0,339,487,1147,5,下位,0
104,104,0,357,490,0,1,368,339,487,1147,5,下位,0
198,198,0,1101,1375,0,0,0,472,540,1083,2,下位,0
384,384,0,493,501,0,0,0,198,1425,2225,9,下位,0
62,62,0,167,128,0,0,0,384,551,2227,5,下位,0
696,271,71,417,643,0,0,0,62,178,2316,2,下位,0
425,425,0,417,643,0,1,271,62,178,2316,2,下位,0
1051,1051,0,759,1007,0,0,0,696,693,2086,2,下位,0
1085,588,139,84,48,0,0,0,1051,1057,1642,7,下位,0
497,165,68,84,48,0,1,588,1051,1057,1642,7,下位,0
332,332,0,84,48,0,2,753,1051,1057,1642,7,下位,0
418,418,0,83,46,0,0,0,1085,98,329,1,下位,0
103,103,0,874,1261,1,0,0,0,0,1,0,下位,0
332,332,0,480,482,0,0,0,103,1311,1165,7,下位,0
597,212,137,513,698,0,0,0,332,532,1223,5,下位,0
385,219,69,513,698,0,1,212,332,532,1223,5,下位,0
166,166,0,513,698,0,2,431,332,532,1223,5,下位,0
167,167,0,282,394,0,0,0,597,748,1255,5,下位,0
674,519,71,669,973,0,0,0,167,444,1460,1,下位,0
155,155,0,669,973,0,1,519,167,444,1460,1,下位,0
470,470,0,171,195,0,0,0,674,1023,1592,5,下位,0
182,182,0,172,148,0,0,0,470,245,1166,2,下位,0
369,216,134,659,1018,0,0,0,182,198,1104,1,下位,0
153,51,67,659,1018,0,1,216,182,198,1104,1,下位,0
102,102,0,659,1018,0,2,267,182,198,1104,1,下位,0
494,494,0,171,133,1,0,0,0,0,1,0,下位,0
391,391,0,313,466,0,0,0,494,183,-522,2,下位,0
670,361,69,169,90,0,0,0,391,516,-565,2,下位,0
309,309,0,169,90,0,1,361,391,516,-565,2,下位,0
1047,614,71,86,52,0,0,0,670,140,-1313,2,下位,0
433,433,0,86,52,0,1,614,670,140,-1313,2,下位,0
164,164,0,238,287,0,0,0,1047,102,-2636,1,下位,0
437,155,67,87,54,0,0,0,164,337,-2533,2,下位,0
282,282,0,87,54,0,1,155,164,337,-2533,2,下位,0
490,490,0,349,391,0,0,0,437,104,-2986,1,下位,0
827,827,0,463,642,0,0,0,490,441,-3245,3,下位,0
676,676,0,305,440,0,0,0,827,692,-3734,3,下位,0
189,90,54,653,729,1,0,0,0,0,1,0,下位,0
99,99,0,653,729,1,1,90,0,0,1,0,下位,0
277,277,0,87,54,0,0,0,189,779,564,6,下位,0
598,179,275,87,54,0,0,0,277,104,272,1,下位,0
419,49,204,87,54,0,1,179,277,104,272,1,下位,0
370,133,133,87,54,0,2,228,277,104,272,1,下位,0
237,195,68,87,54,0,3,361,277,104,272,1,下位,0
42,42,0,87,54,0,4,556,277,104,272,1,下位,0
339,339,0,617,770,0,0,0,598,104,-204,1,下位,0
880,335,69,713,984,0,0,0,339,820,132,5,下位,0
545,545,0,713,984,0,1,335,339,820,132,5,下位,0
278,255,65,89,58,0,0,0,880,1034,-23,6,下位,0
23,23,0,89,58,0,1,255,880,1034,-23,6,下位,0
388,183,146,1255,2079,0,0,0,278,108,-247,1,下位,0
205,146,69,1255,2079,0,1,183,278,108,-247,1,下位,0
59,59,0,1255,2079,0,2,329,278,108,-247,1,下位,0
115,115,0,780,1251,0,0,0,388,2129,1474,7,下位,0
313,313,0,307,414,0,0,0,115,1301,2611,4,下位,0
269,269,0,2621,4301,0,0,0,313,464,2628,2,下位,0
162,162,0,273,354,1,0,0,0,0,1,0,下位,0
466,155,197,87,53,0,0,0,162,404,174,2,下位,0
311,99,131,87,53,0,1,155,162,404,174,2,下位,0
212,40,67,87,53,0,2,254,162,404,174,2,下位,0
172,172,0,87,53,0,3,294,162,404,174,2,下位,0
161,161,0,645,878,0,0,0,466,103,-191,1,下位,0
160,160,0,85,50,0,0,0,161,928,507,8,下位,0
870,149,68,361,412,0,0,0,160,100,378,1,下位,0
721,721,0,361,412,0,1,149,160,100,378,1,下位,0
235,235,0,208,234,0,0,0,870,462,-335,3,下位,0
383,360,68,87,53,0,0,0,235,284,-387,2,下位,0
23,23,0,87,53,0,1,360,235,284,-387,2,下位,0
50,50,0,191,146,0,0,0,383,103,-763,1,下位,0
993,360,210,269,354,0,0,0,50,196,-638,2,下位,0
633,24,144,269,354,0,1,360,50,196,-638,2,下位,0
609,498,69,269,354,0,2,384,50,196,-638,2,下位,0
111,111,0,269,354,0,3,882,50,196,-638,2,下位,0
159,159,0,167,173,0,0,0,993,404,-1442,2,下位,0
943,508,130,83,45,0,0,0,159,223,-1446,2,下位,0
435,64,68,83,45,0,1,508,159,223,-1446,2,下位,0
371,371,0,83,45,0,2,572,159,223,-1446,2,下位,0
364,364,0,88,56,0,0,0,943,95,-2568,1,下位,0
457,213,66,765,973,0,0,0,364,106,-2982,1,下位,0
244,244,0,765,973,0,1,213,364,106,-2982,1,下位,0
259,259,0,249,288,0,0,0,457,1023,-2546,8,下位,0
57,57,0,187,193,0,0,0,259,338,-2578,3,下位,0
321,220,67,173,172,1,0,0,0,0,1,0,下位,0
101,101,0,173,172,1,1,220,0,0,1,0,下位,0
359,359,0,227,300,0,0,0,321,222,-168,2,下位,0
132,132,0,869,1084,0,0,0,359,350,-331,2,下位,0
67,67,0,86,52,0,0,0,132,1134,614,9,下位,0
1063,100,129,217,236,0,0,0,67,102,620,1,下位,0
963,692,71,217,236,0,1,100,67,102,620,1,下位,0
271,271,0,217,236,0,2,792,67,102,620,1,下位,0
221,221,0,475,605,1,0,0,0,0,1,0,下位,0
101,101,0,675,940,0,0,0,221,655,340,4,下位,0
635,635,0,849,925,0,0,0,101,990,1186,5,下位,0
737,212,66,88,56,0,0,0,635,975,1254,9,下位,0
525,525,0,88,56,0,1,212,635,975,1254,9,下位,0
319,274,71,538,757,0,0,0,737,106,373,1,下位,0
45,45,0,538,757,0,1,274,737,106,373,1,下位,0
163,163,0,220,214,0,0,0,319,807,796,5,下位,0
153,153,0,553,770,1,0,0,0,0,1,0,下位,0
673,366,67,473,582,0,0,0,153,820,602,5,下位,0
307,307,0,473,582,0,1,366,153,820,602,5,下位,0
972,972,0,672,927,0,0,0,673,632,339,3,下位,0
675,274,62,1066,1453,0,0,0,972,977,-73,5,下位,0
401,401,0,1066,1453,0,1,274,972,977,-73,5,下位,0
373,373,0,375,480,0,0,0,675,1503,528,10,下位,0
149,149,0,421,488,0,0,0,373,530,525,3,下位,0
464,464,0,86,52,0,0,0,149,538,850,4,下位,0
491,149,140,87,54,0,0,0,464,102,289,1,下位,0
342,232,69,87,54,0,1,149,464,102,289,1,下位,0
110,110,0,87,54,0,2,381,464,102,289,1,下位,0
685,358,69,165,111,0,0,0,491,104,-168,1,下位,0
327,327,0,165,111,0,1,358,491,104,-168,1,下位,0
634,264,69,204,137,0,0,0,685,161,-916,2,下位,0
370,370,0,204,137,0,1,264,685,161,-916,2,下位,0
79,79,0,2080,3208,1,0,0,0,0,1,0,下位,0
580,580,0,87,54,0,0,0,79,3258,3146,14,下位,0
700,700,0,471,757,0,0,0,580,104,2421,1,下位,0
531,531,0,201,148,0,0,0,700,807,2228,2,下位,0
1061,438,69,365,380,0,0,0,531,198,1667,2,下位,0
623,623,0,365,380,0,1,438,531,198,1667,2,下位,0
363,363,0,291,322,0,0,0,1061,430,650,4,下位,0
855,515,133,330,409,0,0,0,363,372,503,3,下位,0
340,129,66,330,409,1,0,0,0,0,1,0,下位,0
211,211,0,330,409,1,1,129,0,0,1,0,下位,0
378,253,71,4309,7166,0,0,0,340,459,41,4,下位,0
125,125,0,4309,7166,0,1,253,340,459,41,4,下位,0
1071,1071,0,85,50,0,0,0,378,7216,6788,21,下位,0
690,166,201,231,179,0,0,0,1071,100,5358,1,下位,0
524,147,132,231,179,0,1,166,1071,100,5358,1,下位,0
377,77,63,231,179,0,2,313,1071,100,5358,1,下位,0
300,300,0,231,179,0,3,390,1071,100,5358,1,下位,0
60,60,0,274,347,0,0,0,690,229,4802,3,下位,0
1049,795,71,248,325,0,0,0,60,397,5113,3,下位,0
254,254,0,248,325,0,1,795,60,397,5113,3,下位,0
361,47,139,220,203,1,0,0,0,0,1,0,下位,0
314,150,67,220,203,1,1,47,0,0,1,0,下位,0
164,164,0,220,203,1,2,197,0,0,1,0,下位,0
160,160,0,258,334,0,0,0,361,253,-122,2,下位,0
365,365,0,87,54,0,0,0,160,384,33,2,下位,0
1063,991,65,291,324,0,0,0,365,104,-384,1,下位,0
72,72,0,291,324,0,1,991,365,104,-384,1,下位,0
59,59,0,89,58,0,0,0,1063,374,-1464,2,下位,0
729,113,134,425,475,0,0,0,59,108,-1440,1,下位,0
616,55,67,425,475,0,1,113,59,108,-1440,1,下位,0
561,561,0,425,475,0,2,168,59,108,-1440,1,下位,0
376,161,69,252,243,0,0,0,729,525,-1822,5,下位,0
215,215,0,252,243,0,1,161,729,525,-1822,5,下位,0
258,258,0,409,580,0,0,0,376,293,-1997,2,下位,0
579,579,0,243,230,0,0,0,258,630,-1736,2,下位,0
175,175,0,88,56,0,0,0,579,280,-2283,2,下位,0
167,167,0,187,216,0,0,0,175,106,-2427,1,下位,0
270,270,0,557,678,1,0,0,0,0,1,0,下位,0
1068,161,69,87,54,0,0,0,270,728,343,5,下位,0
907,907,0,87,54,0,1,161,270,728,343,5,下位,0
52,52,0,81,43,0,0,0,1068,104,-1010,1,下位,0
183,159,65,154,150,0,0,0,52,93,-991,1,下位,0
24,24,0,154,150,0,1,159,52,93,-991,1,下位,0
799,160,134,153,155,0,0,0,183,200,-987,2,下位,0
639,186,67,153,155,0,1,160,183,200,-987,2,下位,0
453,453,0,153,155,0,2,346,183,200,-987,2,下位,0
148,148,0,86,52,0,0,0,799,205,-1790,2,下位,0
691,691,0,176,184,0,0,0,148,102,-1899,1,下位,0
51,51,0,479,543,0,0,0,691,234,-2652,2,下位,0
42,42,0,177,172,0,0,0,51,593,-2132,4,下位,0
1123,746,130,88,56,0,0,0,42,222,-1970,2,下位,0
377,207,69,88,56,0,1,746,42,222,-1970,2,下位,0
170,170,0,88,56,0,2,953,42,222,-1970,2,下位,0
70,70,0,82,44,0,0,0,1123,106,-3339,1,下位,0
364,364,0,196,203,0,0,0,70,94,-3345,1,下位,0
86,86,0,137,111,0,0,0,364,253,-3612,2,下位,0
460,147,60,271,294,1,0,0,0,0,1,0,下位,0
313,313,0,271,294,1,1,147,0,0,1,0,下位,0
834,571,65,428,639,0,0,0,460,344,-252,3,下位,0
263,263,0,428,639,0,1,571,460,344,-252,3,下位,0
360,360,0,399,555,0,0,0,834,689,-690,4,下位,0
159,159,0,659,761,0,0,0,360,605,-599,4,下位,0
117,117,0,88,56,0,0,0,159,811,-15,6,下位,0
514,277,66,371,406,0,0,0,117,106,-76,1,下位,0
237,237,0,371,406,0,1,277,117,106,-76,1,下位,0
1075,383,138,1389,1778,0,0,0,514,456,-289,3,下位,0
692,409,69,1389,1778,0,1,383,514,456,-289,3,下位,0
283,283,0,1389,1778,0,2,792,514,456,-289,3,下位,0
866,107,134,281,316,0,0,0,1075,1828,142,12,下位,0
759,283,67,281,316,0,1,107,1075,1828,142,12,下位,0
476,476,0,281,316,0,2,390,1075,1828,142,12,下位,0
488,330,69,193,146,0,0,0,866,366,-595,3,下位,0
158,158,0,193,146,0,1,330,866,366,-595,3,下位,0
372,150,67,88,56,0,0,0,488,196,-1027,2,下位,0
222,222,0,88,56,0,1,150,488,196,-1027,2,下位,0
479,168,65,193,214,1,0,0,0,0,1,0,下位,0
311,311,0,193,214,1,1,168,0,0,1,0,下位,0
158,158,0,88,56,0,0,0,479,264,-354,2,下位,0
136,136,0,87,54,0,0,0,158,106,-474,1,下位,0
605,430,67,87,54,0,0,0,136,104,-564,1,下位,0
175,175,0,87,54,0,1,430,136,104,-564,1,下位,0
276,167,71,88,56,0,0,0,605,104,-1257,1,下位,0
109,109,0,88,56,0,1,167,605,104,-1257,1,下位,0
685,372,201,343,345,0,0,0,276,106,-1475,1,下位,0
313,158,132,343,345,0,1,372,276,106,-1475,1,下位,0
155,60,61,343,345,0,2,530,276,106,-1475,1,下位,0
95,95,0,343,345,0,3,590,276,106,-1475,1,下位,0
647,335,69,277,359,0,0,0,685,395,-1858,3,下位,0
312,312,0,277,359,0,1,335,685,395,-1858,3,下位,0
84,84,0,159,128,0,0,0,647,409,-2305,3,下位,0
679,362,205,395,534,0,0,0,84,178,-2247,2,下位,0
317,24,134,395,534,0,1,362,84,178,-2247,2,下位,0
293,186,69,395,534,0,2,386,84,178,-2247,2,下位,0
107,107,0,395,534,0,3,572,84,178,-2247,2,下位,0
79,79,0,365,486,0,0,0,679,584,-2428,5,下位,0
425,72,67,241,279,0,0,0,79,536,-2005,2,下位,0
353,353,0,241,279,0,1,72,79,536,-2005,2,下位,0
433,433,0,289,380,1,0,0,0,0,1,0,下位,0
368,317,69,87,54,0,0,0,433,430,-188,3,下位,0
51,51,0,87,54,0,1,317,433,430,-188,3,下位,0
903,534,69,85,50,0,0,0,368,104,-541,1,下位,0
369,369,0,85,50,0,1,534,368,104,-541,1,下位,0
788,788,0,255,263,0,0,0,903,100,-1662,1,下位,0
1008,85,273,218,216,0,0,0,788,313,-2475,2,下位,0
923,194,200,218,216,0,1,85,788,313,-2475,2,下位,0
729,30,137,218,216,0,2,279,788,313,-2475,2,下位,0
699,438,67,218,216,0,3,309,788,313,-2475,2,下位,0
261,261,0,218,216,0,4,747,788,313,-2475,2,下位,0
879,266,200,399,507,0,0,0,1008,266,-3376,1,下位,0
613,103,140,399,507,0,1,266,1008,266,-3376,1,下位,0
510,127,71,399,507,0,2,369,1008,266,-3376,1,下位,0
383,383,0,399,507,0,3,496,1008,266,-3376,1,下位,0
162,162,0,89,58,0,0,0,879,557,-3874,4,下位,0
467,164,63,322,428,0,0,0,162,108,-3997,1,下位,0
303,303,0,322,428,0,1,164,162,108,-3997,1,下位,0
101,101,0,85,50,0,0,0,467,478,-4123,3,下位,0
306,306,0,233,256,1,0,0,0,0,1,0,下位,0
376,173,69,628,785,0,0,0,306,306,-130,2,下位,0
203,203,0,628,785,0,1,173,306,306,-130,2,下位,0
270,270,0,88,56,0,0,0,376,835,237,7,下位,0
172,172,0,89,58,0,0,0,270,106,-43,1,下位,0
58,58,0,1667,2372,0,0,0,172,108,-181,1,下位,0
194,170,63,309,311,0,0,0,58,2422,2158,16,下位,0
24,24,0,309,311,0,1,170,58,2422,2158,16,下位,0
685,685,0,257,290,0,0,0,194,361,2305,3,下位,0
356,356,0,537,613,0,0,0,685,340,1666,3,下位,0
243,243,0,85,50,0,0,0,356,663,1820,5,下位,0
329,329,0,257,326,0,0,0,243,100,1573,1,下位,0
171,171,0,341,411,0,0,0,329,376,1479,2,下位,0
878,770,69,567,617,0,0,0,171,461,1696,3,下位,0
108,108,0,567,617,0,1,770,171,461,1696,3,下位,0
259,259,0,778,1084,0,0,0,878,667,1178,6,下位,0
142,142,0,88,56,0,0,0,259,1134,1942,5,下位,0
258,157,80,85,50,1,0,0,0,0,1,0,下位,0
101,101,0,85,50,1,1,157,0,0,1,0,下位,0
270,270,0,87,54,0,0,0,258,100,-187,1,下位,0
51,51,0,911,1257,0,0,0,270,104,-469,1,下位,0
456,359,65,592,840,0,0,0,51,1307,765,8,下位,0
97,97,0,592,840,0,1,359,51,1307,765,8,下位,0
69,69,0,375,411,0,0,0,456,890,1068,4,下位,0
337,337,0,85,50,0,0,0,69,461,1430,3,下位,0
53,53,0,481,639,0,0,0,337,100,1049,1,下位,0
432,357,71,433,540,0,0,0,53,689,1662,5,下位,0
75,75,0,433,540,0,1,357,53,689,1662,5,下位,0
374,374,0,488,625,0,0,0,432,590,1706,3,下位,0
1072,1072,0,763,930,0,0,0,374,675,1847,4,下位,0
673,263,65,483,566,0,0,0,1072,980,1296,7,下位,0
410,410,0,483,566,0,1,263,1072,980,1296,7,下位,0
371,145,67,266,361,0,0,0,673,616,1015,4,下位,0
226,226,0,266,361,0,1,145,673,616,1015,4,下位,0
178,178,0,233,201,0,0,0,371,411,963,2,下位,0
677,280,67,87,54,0,0,0,178,251,960,3,下位,0
397,397,0,87,54,0,1,280,178,251,960,3,下位,0
476,284,69,87,54,0,0,0,677,104,164,1,下位,0
192,192,0,87,54,0,1,284,677,104,164,1,下位,0
804,367,138,88,56,0,0,0,476,104,-343,1,下位,0
437,412,67,88,56,0,1,367,476,104,-343,1,下位,0
25,25,0,88,56,0,2,779,476,104,-343,1,下位,0
263,263,0,343,407,0,0,0,804,106,-1248,1,下位,0
260,260,0,83,46,1,0,0,0,0,1,0,下位,0
164,164,0,201,235,0,0,0,260,96,-274,1,下位,0
381,161,68,85,51,0,0,0,164,285,-223,2,下位,0
220,220,0,85,51,0,1,161,164,285,-223,2,下位,0
376,376,0,527,662,0,0,0,381,101,-598,1,下位,0
114,114,0,181,164,0,0,0,376,712,-423,5,下位,0
867,569,65,176,200,0,0,0,114,214,-372,1,下位,0
298,298,0,176,200,0,1,569,114,214,-372,1,下位,0
673,245,133,331,446,0,0,0,867,250,-1296,2,下位,0
428,305,67,331,446,0,1,245,867,250,-1296,2,下位,0
123,123,0,331,446,0,2,550,867,250,-1296,2,下位,0
317,255,64,353,389,0,0,0,673,496,-1629,3,下位,0
62,62,0,353,389,0,1,255,673,496,-1629,3,下位,0
887,260,198,403,434,0,0,0,317,439,-1579,4,下位,0
627,225,130,403,434,0,1,260,317,439,-1579,4,下位,0
402,202,68,403,434,0,2,485,317,439,-1579,4,下位,0
200,200,0,403,434,0,3,687,317,439,-1579,4,下位,0
437,437,0,2127,3598,1,0,0,0,0,1,0,下位,0
516,516,0,298,397,0,0,0,437,3648,3025,9,下位,0
97,97,0,533,648,0,0,0,516,447,2735,2,下位,0
872,872,0,3036,5046,0,0,0,97,698,3294,4,下位,0
400,374,65,409,654,0,0,0,872,5096,7144,17,下位,0
26,26,0,409,654,0,1,374,872,5096,7144,17,下位,0
182,157,71,917,1041,0,0,0,400,704,7342,1,下位,0
25,25,0,917,1041,0,1,157,400,704,7342,1,下位,0
234,234,0,85,50,0,0,0,182,1091,8244,10,下位,0
506,174,139,877,1164,0,0,0,234,100,8010,1,下位,0
332,202,69,877,1164,0,1,174,234,100,8010,1,下位,0
130,130,0,877,1164,0,2,376,234,100,8010,1,下位,0
76,76,0,489,736,1,0,0,0,0,1,0,下位,0
320,320,0,88,56,0,0,0,76,786,678,4,下位,0
684,214,63,286,301,0,0,0,320,106,327,1,下位,0
470,470,0,286,301,0,1,214,320,106,327,1,下位,0
205,205,0,176,163,0,0,0,684,351,-236,3,下位,0
469,257,141,89,58,0,0,0,205,213,-316,2,下位,0
212,111,78,89,58,0,1,257,205,213,-316,2,下位,0
101,101,0,89,58,0,2,368,205,213,-316,2,下位,0
166,166,0,647,843,0,0,0,469,108,-737,1,下位,0
871,748,69,279,315,0,0,0,166,893,-81,6,下位,0
123,123,0,279,315,0,1,748,166,893,-81,6,下位,0
207,207,0,86,52,0,0,0,871,365,-892,3,下位,0
61,61,0,87,54,0,0,0,207,102,-1086,1,下位,0
53,53,0,635,859,0,0,0,61,104,-1069,1,下位,0
397,397,0,264,274,1,0,0,0,0,1,0,下位,0
545,545,0,2181,3127,0,0,0,397,324,-242,3,下位,0
679,679,0,966,1108,0,0,0,545,3177,2156,18,下位,0
705,427,67,973,1201,0,0,0,679,1158,2344,9,下位,0
278,278,0,973,1201,0,1,427,679,1158,2344,9,下位,0
668,668,0,323,432,0,0,0,705,1251,2655,9,下位,0
66,66,0,87,54,0,0,0,668,482,2183,2,下位,0
69,69,0,187,213,0,0,0,66,104,2193,1,下位,0
577,577,0,163,160,0,0,0,69,263,2357,2,下位,0
342,137,69,197,178,1,0,0,0,0,1,0,下位,0
205,205,0,197,178,1,1,137,0,0,1,0,下位,0
1070,76,207,88,56,0,0,0,342,228,-191,2,下位,0
994,335,142,88,56,0,1,76,342,228,-191,2,下位,0
659,585,71,88,56,0,2,411,342,228,-191,2,下位,0
74,74,0,88,56,0,3,996,342,228,-191,2,下位,0
363,363,0,775,1019,0,0,0,1070,106,-1408,1,下位,0
157,157,0,191,122,0,0,0,363,1069,-858,7,下位,0
267,58,69,169,186,0,0,0,157,172,-910,2,下位,0
209,209,0,169,186,0,1,58,157,172,-910,2,下位,0
415,216,67,750,897,0,0,0,267,236,-987,2,下位,0
199,199,0,750,897,0,1,216,267,236,-987,2,下位,0
161,161,0,1877,2995,0,0,0,415,947,-566,7,下位,0
878,570,132,805,1247,0,0,0,161,3045,2249,8,下位,0
308,208,67,805,1247,0,1,570,161,3045,2249,8,下位,0
100,100,0,805,1247,0,2,778,161,3045,2249,8,下位,0
408,62,71,84,48,0,0,0,878,1297,2424,6,下位,0
346,346,0,84,48,0,1,62,878,1297,2424,6,下位,0
530,380,63,274,244,0,0,0,408,98,2010,1,下位,0
150,150,0,274,244,0,1,380,408,98,2010,1,下位,0
686,323,134,315,351,0,0,0,530,294,1610,3,下位,0
363,55,67,315,351,0,1,323,530,294,1610,3,下位,0
308,308,0,315,351,0,2,378,530,294,1610,3,下位,0
47,47,0,263,244,1,0,0,0,0,1,0,下位,0
224,224,0,830,1028,0,0,0,47,294,228,3,下位,0
576,576,0,83,46,0,0,0,224,1078,986,7,下位,0
615,245,74,181,208,0,0,0,576,96,259,1,下位,0
370,370,0,181,208,0,1,245,576,96,259,1,下位,0
444,232,69,87,54,0,0,0,615,258,-288,2,下位,0
212,212,0,87,54,0,1,232,615,258,-288,2,下位,0
469,469,0,739,1003,0,0,0,444,104,-749,1,下位,0
255,255,0,131,95,0,0,0,469,1053,-366,7,下位,0
172,172,0,699,878,0,0,0,255,145,-585,1,下位,0
462,462,0,509,554,0,0,0,172,928,97,7,下位,0
366,88,71,214,257,0,0,0,462,604,41,5,下位,0
278,278,0,214,257,0,1,88,462,604,41,5,下位,0
589,320,73,324,436,0,0,0,366,307,-104,2,下位,0
269,269,0,324,436,0,1,320,366,307,-104,2,下位,0
871,357,134,548,657,0,0,0,589,486,-386,2,下位,0
514,37,65,548,657,0,1,357,589,486,-386,2,下位,0
477,477,0,548,657,0,2,394,589,486,-386,2,下位,0
89,89,0,86,52,1,0,0,0,0,1,0,下位,0
471,163,151,644,897,0,0,0,89,102,-24,1,下位,0
308,257,71,644,897,0,1,163,89,102,-24,1,下位,0
51,51,0,644,897,0,2,420,89,102,-24,1,下位,0
694,158,69,84,48,0,0,0,471,947,401,5,下位,0
536,536,0,84,48,0,1,158,471,947,401,5,下位,0
272,272,0,264,271,0,0,0,694,98,-424,1,下位,0
229,155,71,612,975,0,0,0,272,321,-492,2,下位,0
74,74,0,612,975,0,1,155,272,321,-492,2,下位,0
474,371,71,181,203,0,0,0,229,1025,277,2,下位,0
103,103,0,181,203,0,1,371,229,1025,277,2,下位,0
1066,377,132,84,48,0,0,0,474,253,-76,2,下位,0
689,563,65,84,48,0,1,377,474,253,-76,2,下位,0
126,126,0,84,48,0,2,940,474,253,-76,2,下位,0
115,115,0,187,214,0,0,0,1066,98,-1369,1,下位,0
663,663,0,348,439,0,0,0,115,264,-1269,2,下位,0
161,161,0,87,54,0,0,0,663,489,-1727,3,下位,0
846,447,138,89,58,0,0,0,161,104,-1853,1,下位,0
399,55,69,89,58,0,1,447,161,104,-1853,1,下位,0
344,344,0,89,58,0,2,502,161,104,-1853,1,下位,0
315,315,0,381,475,0,0,0,846,108,-2816,1,下位,0
878,216,134,223,272,0,0,0,315,525,-2741,3,下位,0
662,261,67,223,272,0,1,216,315,525,-2741,3,下位,0
401,401,0,223,272,0,2,477,315,525,-2741,3,下位,0
226,226,0,787,1010,1,0,0,0,0,1,0,下位,0
126,126,0,220,286,0,0,0,226,1060,738,6,下位,0
1014,978,73,86,52,0,0,0,126,336,894,2,下位,0
36,36,0,86,52,0,1,978,126,336,894,2,下位,0
58,58,0,473,433,0,0,0,1014,102,-379,1,下位,0
474,123,65,455,633,0,0,0,58,483,21,5,下位,0
351,351,0,455,633,0,1,123,58,483,21,5,下位,0
164,164,0,87,54,0,0,0,474,683,92,4,下位,0
339,339,0,304,389,1,0,0,0,0,1,0,下位,0
209,209,0,183,173,0,0,0,339,439,-44,2,下位,0
109,109,0,252,271,0,0,0,209,223,-120,2,下位,0
600,361,67,1687,2508,0,0,0,109,321,45,2,下位,0
239,239,0,1687,2508,0,1,361,109,321,45,2,下位,0
385,157,73,189,141,0,0,0,600,2558,1813,12,下位,0
228,228,0,189,141,0,1,157,600,2558,1813,12,下位,0
797,174,134,389,604,0,0,0,385,191,1527,2,下位,0
623,100,67,389,604,0,1,174,385,191,1527,2,下位,0
523,523,0,389,604,0,2,274,385,191,1527,2,下位,0
453,453,0,87,54,0,0,0,797,654,1176,2,下位,0
469,469,0,361,449,0,0,0,453,104,633,1,下位,0
370,370,0,193,133,0,0,0,469,499,462,4,下位,0
394,394,0,317,373,1,0,0,0,0,1,0,下位,0
150,150,0,86,52,0,0,0,394,423,-139,3,下位,0
526,258,67,218,218,0,0,0,150,102,-251,1,下位,0
268,268,0,218,218,0,1,258,150,102,-251,1,下位,0
368,368,0,467,573,0,0,0,526,268,-668,1,下位,0
1053,164,67,87,54,0,0,0,368,623,-571,3,下位,0
889,889,0,87,54,0,1,164,368,623,-571,3,下位,0
368,263,69,303,351,0,0,0,1053,104,-1904,1,下位,0
105,105,0,303,351,0,1,263,1053,104,-1904,1,下位,0
106,106,0,217,264,0,0,0,368,401,-1960,2,下位,0
682,360,142,82,44,0,0,0,106,314,-1797,2,下位,0
322,215,73,82,44,0,1,360,106,314,-1797,2,下位,0
107,107,0,82,44,0,2,575,106,314,-1797,2,下位,0
479,179,136,201,237,0,0,0,682,94,-2535,1,下位,0
300,219,65,201,237,0,1,179,682,94,-2535,1,下位,0
81,81,0,201,237,0,2,398,682,94,-2535,1,下位,0
167,167,0,173,158,0,0,0,479,287,-2797,2,下位,0
293,293,0,278,268,1,0,0,0,0,1,0,下位,0
452,314,69,171,173,0,0,0,293,318,-100,3,下位,0
138,138,0,171,173,0,1,314,293,318,-100,3,下位,0
160,160,0,791,970,0,0,0,452,223,-454,2,下位,0
327,327,0,397,532,0,0,0,160,1020,337,6,下位,0
200,200,0,86,52,0,0,0,327,582,452,4,下位,0
585,176,71,361,351,0,0,0,200,102,268,1,下位,0
409,409,0,361,351,0,1,176,200,102,268,1,下位,0
898,270,67,166,167,0,0,0,585,401,-95,4,下位,0
628,628,0,166,167,0,1,270,585,401,-95,4,下位,0
67,67,0,243,291,0,0,0,898,217,-1094,2,下位,0
587,251,128,155,121,0,0,0,67,341,-849,2,下位,0
336,83,59,155,121,0,1,251,67,341,-849,2,下位,0
253,253,0,155,121,0,2,334,67,341,-849,2,下位,0
402,167,69,892,1035,0,0,0,587,171,-1389,2,下位,0
235,235,0,892,1035,1,0,0,0,0,1,0,下位,0
777,298,207,183,202,0,0,0,235,1085,750,9,下位,0
479,70,136,183,202,0,1,298,235,1085,750,9,下位,0
409,181,67,183,202,0,2,368,235,1085,750,9,下位,0
228,228,0,183,202,0,3,549,235,1085,750,9,下位,0
663,663,0,653,763,0,0,0,777,252,98,2,下位,0
410,410,0,444,316,0,0,0,663,813,-36,7,下位,0
161,161,0,731,1030,0,0,0,410,366,-256,4,下位,0
819,482,69,144,126,0,0,0,161,1080,594,6,下位,0
337,337,0,144,126,0,1,482,161,1080,594,6,下位,0
295,273,69,180,151,0,0,0,819,176,-331,2,下位,0
22,22,0,180,151,0,1,273,819,176,-331,2,下位,0
484,316,136,254,347,0,0,0,295,201,-482,2,下位,0
168,63,69,254,347,0,1,316,295,201,-482,2,下位,0
105,105,0,254,347,0,2,379,295,201,-482,2,下位,0
766,766,0,353,354,0,0,0,484,397,-640,2,下位,0
54,54,0,425,626,0,0,0,766,404,-1330,4,下位,0
265,265,0,456,531,1,0,0,0,0,1,0,下位,0
365,365,0,192,175,0,0,0,265,581,203,3,下位,0
272,272,0,84,48,0,0,0,365,225,-93,2,下位,0
684,684,0,590,725,0,0,0,272,98,-384,1,下位,0
471,367,76,201,188,0,0,0,684,775,-586,5,下位,0
104,104,0,201,188,0,1,367,684,775,-586,5,下位,0
169,169,0,537,729,0,0,0,471,238,-945,2,下位,0
155,155,0,918,1341,0,0,0,169,779,-407,5,下位,0
1062,1062,0,444,470,0,0,0,155,1391,763,9,下位,0
397,297,64,266,312,1,0,0,0,0,1,0,下位,0
100,100,0,266,312,1,1,297,0,0,1,0,下位,0
619,273,69,87,54,0,0,0,397,362,-140,3,下位,0
346,346,0,87,54,0,1,273,397,362,-140,3,下位,0
176,176,0,3735,5816,0,0,0,619,104,-851,1,下位,0
566,356,69,465,652,0,0,0,176,5866,4764,23,下位,0
210,210,0,465,652,0,1,356,176,5866,4764,23,下位,0
215,215,0,827,986,0,0,0,566,702,4726,3,下位,0
891,164,69,87,54,0,0,0,215,1036,5455,8,下位,0
727,727,0,87,54,0,1,164,215,1036,5455,8,下位,0
488,488,0,189,197,0,0,0,891,104,4355,1,下位,0
1292,586,268,203,179,0,0,0,488,247,3905,2,下位,0
706,240,199,203,179,1,0,0,0,0,1,0,下位,0
466,175,132,203,179,1,1,240,0,0,1,0,下位,0
291,235,65,203,179,1,2,415,0,0,1,0,下位,0
56,56,0,203,179,1,3,650,0,0,1,0,下位,0
222,222,0,88,56,0,0,0,706,229,-580,2,下位,0
260,260,0,191,211,0,0,0,222,106,-791,1,下位,0
379,142,65,88,56,0,0,0,260,261,-901,2,下位,0
237,237,0,88,56,0,1,142,260,261,-901,2,下位,0
153,153,0,87,54,0,0,0,379,106,-1272,1,下位,0
54,54,0,233,249,0,0,0,153,104,-1387,1,下位,0
151,151,0,171,144,0,0,0,54,299,-1165,2,下位,0
1052,363,65,86,52,0,0,0,151,194,-1187,2,下位,0
689,689,0,86,52,0,1,363,151,194,-1187,2,下位,0
682,142,136,469,607,0,0,0,1052,102,-2523,1,下位,0
540,413,67,469,607,0,1,142,1052,102,-2523,1,下位,0
127,127,0,469,607,0,2,555,1052,102,-2523,1,下位,0
310,197,67,389,477,1,0,0,0,0,1,0,下位,0
113,113,0,389,477,1,1,197,0,0,1,0,下位,0
686,562,71,626,863,0,0,0,310,527,153,4,下位,0
124,124,0,626,863,0,1,562,310,527,153,4,下位,0
880,880,0,633,884,0,0,0,686,913,157,5,下位,0
492,492,0,529,770,0,0,0,880,934,-166,5,下位,0
348,348,0,84,48,1,0,0,0,0,1,0,下位,0
276,276,0,467,741,0,0,0,348,98,-398,1,下位,0
163,163,0,572,792,0,0,0,276,791,-1,2,下位,0
166,166,0,193,131,0,0,0,163,842,608,4,下位,0
146,146,0,923,1212,0,0,0,166,181,552,1,下位,0
380,380,0,803,975,0,0,0,146,1262,1605,10,下位,0
365,365,0,88,56,0,0,0,380,1025,2087,7,下位,0
270,270,0,87,54,0,0,0,365,106,1672,1,下位,0
428,75,67,227,261,0,0,0,270,104,1390,1,下位,0
353,353,0,227,261,0,1,75,270,104,1390,1,下位,0
170,170,0,338,387,0,0,0,428,311,1157,1,下位,0
393,393,0,209,208,0,0,0,170,437,1351,4,下位,0
76,76,0,1493,2519,1,0,0,0,0,1,0,下位,0
699,194,134,221,212,0,0,0,76,2569,2461,6,下位,0
505,161,63,221,212,0,1,194,76,2569,2461,6,下位,0
344,344,0,221,212,0,2,355,76,2569,2461,6,下位,0
150,150,0,1180,1455,0,0,0,699,262,1859,2,下位,0
130,130,0,304,320,0,0,0,150,1505,3150,10,下位,0
361,361,0,86,52,0,0,0,130,370,3334,3,下位,0
164,164,0,187,195,0,0,0,361,102,2920,1,下位,0
415,415,0,85,50,0,0,0,164,245,2931,2,下位,0
179,113,71,87,54,0,0,0,415,100,2438,1,下位,0
66,66,0,87,54,0,1,113,415,100,2438,1,下位,0
420,133,65,189,166,0,0,0,179,104,2358,1,下位,0
287,287,0,189,166,0,1,133,179,104,2358,1,下位,0
1053,542,136,197,209,0,0,0,420,216,2039,2,下位,0
511,439,67,197,209,0,1,542,420,216,2039,2,下位,0
72,72,0,197,209,0,2,981,420,216,2039,2,下位,0
386,360,71,512,698,0,0,0,1053,259,930,2,下位,0
26,26,0,512,698,0,1,360,1053,259,930,2,下位,0
574,264,137,1022,1262,0,0,0,386,748,1198,4,下位,0
310,213,68,1022,1262,1,0,0,0,0,1,0,下位,0
97,97,0,1022,1262,1,1,213,0,0,1,0,下位,0
68,68,0,248,229,0,0,0,310,1312,938,9,下位,0
263,263,0,579,755,0,0,0,68,279,1120,3,下位,0
1054,371,67,233,246,0,0,0,263,805,1549,4,下位,0
683,683,0,233,246,0,1,371,263,805,1549,4,下位,0
433,149,67,208,234,0,0,0,1054,296,406,2,下位,0
284,284,0,208,234,0,1,149,1054,296,406,2,下位,0
880,413,140,86,52,0,0,0,433,284,138,2,下位,0
467,168,71,86,52,0,1,413,433,284,138,2,下位,0
299,299,0,86,52,0,2,581,433,284,138,2,下位,0
685,612,69,378,468,0,0,0,880,102,-877,1,下位,0
73,73,0,378,468,0,1,612,880,102,-877,1,下位,0
1046,288,213,89,58,0,0,0,685,518,-1268,4,下位,0
758,278,142,89,58,0,1,288,685,518,-1268,4,下位,0
480,407,69,89,58,0,2,566,685,518,-1268,4,下位,0
73,73,0,89,58,0,3,973,685,518,-1268,4,下位,0
176,176,0,389,444,0,0,0,1046,108,-2440,1,下位,0
366,366,0,184,159,0,0,0,176,494,-2197,4,下位,0
573,573,0,899,1107,1,0,0,0,0,1,0,下位,0
221,221,0,1343,1816,0,0,0,573,1157,339,8,下位,0
160,160,0,86,52,0,0,0,221,1866,1889,12,下位,0
484,178,65,660,866,0,0,0,160,102,1762,1,下位,0
306,306,0,660,866,0,1,178,160,102,1762,1,下位,0
751,579,60,177,170,0,0,0,484,916,2052,5,下位,0
172,172,0,177,170,0,1,579,484,916,2052,5,下位,0
381,381,0,253,279,0,0,0,751,220,1259,2,下位,0
474,263,70,171,185,0,0,0,381,329,1044,1,下位,0
211,211,0,171,185,0,1,263,381,329,1044,1,下位,0
171,131,69,277,299,0,0,0,474,235,672,2,下位,0
40,40,0,277,299,0,1,131,474,235,672,2,下位,0
886,363,67,595,793,0,0,0,171,349,846,2,下位,0
523,523,0,595,793,0,1,363,171,349,846,2,下位,0
320,320,0,83,46,1,0,0,0,0,1,0,下位,0
530,530,0,1099,1421,0,0,0,320,96,-360,1,下位,0
211,211,0,721,1159,0,0,0,530,1471,354,11,下位,0
269,269,0,87,54,0,0,0,211,1209,1262,4,下位,0
471,471,0,529,621,0,0,0,269,104,982,1,下位,0
164,119,69,754,966,0,0,0,471,671,980,4,下位,0
45,45,0,754,966,0,1,119,471,671,980,4,下位,0
211,211,0,166,174,0,0,0,164,1016,1831,7,下位,0
271,271,0,85,50,0,0,0,211,224,1754,2,下位,0
592,567,71,277,362,0,0,0,271,100,1467,1,下位,0
25,25,0,277,362,0,1,567,271,100,1467,1,下位,0
1071,786,125,510,741,0,0,0,592,412,1104,2,下位,0
285,57,56,510,741,0,1,786,592,412,1104,2,下位,0
228,228,0,510,741,0,2,843,592,412,1104,2,下位,0
694,694,0,397,422,0,0,0,1071,791,490,4,下位,0
66,66,0,363,405,0,0,0,694,472,-29,4,下位,0
336,336,0,84,48,0,0,0,66,455,332,4,下位,0
115,115,0,226,274,0,0,0,336,98,-50,1,下位,0
366,366,0,467,618,1,0,0,0,0,1,0,下位,0
689,689,0,169,94,0,0,0,366,668,146,4,下位,0
46,46,0,84,48,0,0,0,689,144,-694,2,下位,0
408,375,69,827,1040,0,0,0,46,98,-662,1,下位,0
33,33,0,827,1040,0,1,375,46,98,-662,1,下位,0
707,442,65,495,436,0,0,0,408,1090,-86,9,下位,0
265,265,0,495,436,0,1,442,408,1090,-86,9,下位,0
45,45,0,219,274,0,0,0,707,486,-545,5,下位,0
97,97,0,89,58,0,0,0,45,324,-285,2,下位,0
265,265,0,470,624,0,0,0,97,108,-316,1,下位,0
688,521,65,301,393,0,0,0,265,674,-21,4,下位,0
167,167,0,301,393,0,1,521,265,674,-21,4,下位,0
256,256,0,2843,4703,0,0,0,688,443,-496,2,下位,0
270,270,0,457,535,0,0,0,256,4753,3891,13,下位,0
159,159,0,210,269,0,0,0,270,585,4090,3,下位,0
263,87,69,189,221,0,0,0,159,319,4182,2,下位,0
176,176,0,189,221,0,1,87,159,319,4182,2,下位,0
216,216,0,1124,1434,1,0,0,0,0,1,0,下位,0
900,368,269,209,163,0,0,0,216,1484,1176,10,下位,0
532,40,203,209,163,0,1,368,216,1484,1176,10,下位,0
492,179,136,209,163,0,2,408,216,1484,1176,10,下位,0
313,39,65,209,163,0,3,587,216,1484,1176,10,下位,0
274,274,0,209,163,0,4,626,216,1484,1176,10,下位,0
575,176,134,959,1126,0,0,0,900,213,372,2,下位,0
399,95,69,959,1126,0,1,176,900,213,372,2,下位,0
304,304,0,959,1126,0,2,271,900,213,372,2,下位,0
211,211,0,372,405,0,0,0,575,1176,861,9,下位,0
78,78,0,383,550,0,0,0,211,455,1015,4,下位,0
251,251,0,199,233,0,0,0,78,600,1504,3,下位,0
141,141,0,211,205,0,0,0,251,283,1428,2,下位,0
393,173,66,515,645,1,0,0,0,0,1,0,下位,0
220,220,0,515,645,1,1,173,0,0,1,0,下位,0
510,243,126,166,178,0,0,0,393,695,201,5,下位,0
267,161,64,166,178,0,1,243,393,695,201,5,下位,0
106,106,0,166,178,0,2,404,393,695,201,5,下位,0
998,998,0,171,164,0,0,0,510,228,-173,2,下位,0
366,366,0,161,99,0,0,0,998,214,-1385,2,下位,0
137,137,0,341,443,0,0,0,366,149,-1759,2,下位,0
155,155,0,85,50,0,0,0,137,493,-1462,3,下位,0
373,373,0,311,317,1,0,0,0,0,1,0,下位,0
577,76,67,958,1320,0,0,0,373,367,-165,3,下位,0
501,501,0,958,1320,0,1,76,373,367,-165,3,下位,0
156,156,0,213,243,0,0,0,577,1370,447,7,下位,0
161,161,0,662,846,0,0,0,156,293,517,2,下位,0
44,44,0,263,271,0,0,0,161,896,1183,4,下位,0
472,472,0,184,149,0,0,0,44,321,1441,3,下位,0
234,234,0,232,231,0,0,0,472,199,966,2,下位,0
383,383,0,177,157,0,0,0,234,281,913,2,下位,0
162,162,0,371,443,0,0,0,383,207,573,1,下位,0
382,263,65,463,583,0,0,0,162,493,835,3,下位,0
119,119,0,463,583,0,1,263,162,493,835,3,下位,0
785,765,80,489,549,0,0,0,382,633,987,4,下位,0
20,20,0,489,549,0,1,765,382,633,987,4,下位,0
544,271,71,163,143,0,0,0,785,599,544,4,下位,0
273,273,0,163,143,0,1,271,785,599,544,4,下位,0
175,175,0,320,313,0,0,0,544,193,31,2,下位,0
209,209,0,271,365,1,0,0,0,0,1,0,下位,0
1029,579,59,297,312,0,0,0,209,415,117,2,下位,0
450,450,0,297,312,0,1,579,209,415,117,2,下位,0
356,356,0,249,332,0,0,0,1029,362,-932,3,下位,0
86,86,0,159,120,0,0,0,356,382,-1059,1,下位,0
146,146,0,254,241,0,0,0,86,170,-1012,2,下位,0
1075,375,142,775,963,0,0,0,146,291,-930,2,下位,0
700,454,73,775,963,0,1,375,146,291,-930,2,下位,0
246,246,0,775,963,0,2,829,146,291,-930,2,下位,0
693,276,136,86,52,0,0,0,1075,1013,-1311,8,下位,0
417,101,67,86,52,0,1,276,1075,1013,-1311,8,下位,0
316,316,0,86,52,0,2,377,1075,1013,-1311,8,下位,0
695,216,134,282,279,0,0,0,693,102,-2062,1,下位,0
479,379,67,282,279,0,1,216,693,102,-2062,1,下位,0
100,100,0,282,279,0,2,595,693,102,-2062,1,下位,0
377,377,0,1279,1816,0,0,0,695,329,-2592,3,下位,0
194,194,0,88,56,1,0,0,0,0,1,0,下位,0
263,263,0,86,52,0,0,0,194,106,-170,1,下位,0
121,121,0,463,533,0,0,0,263,102,-444,1,下位,0
467,467,0,88,56,0,0,0,121,583,-34,5,下位,0
486,153,69,87,53,0,0,0,467,106,-595,1,下位,0
333,333,0,87,53,0,1,153,467,106,-595,1,下位,0
384,384,0,88,56,0,0,0,486,103,-1118,1,下位,0
472,163,67,393,518,0,0,0,384,106,-1561,1,下位,0
309,309,0,393,518,0,1,163,384,106,-1561,1,下位,0
213,213,0,865,1286,0,0,0,472,568,-1600,3,下位,0
159,159,0,539,817,0,0,0,213,1336,-568,8,下位,0
194,194,0,88,56,1,0,0,0,0,1,0,下位,0
263,263,0,86,52,0,0,0,194,106,-170,1,下位,0
121,121,0,463,533,0,0,0,263,102,-444,1,下位,0
467,467,0,88,56,0,0,0,121,583,-34,5,下位,0
486,153,69,87,53,0,0,0,467,106,-595,1,下位,0
333,333,0,87,53,0,1,153,467,106,-595,1,下位,0
384,384,0,88,56,0,0,0,486,103,-1118,1,下位,0
472,163,67,393,518,0,0,0,384,106,-1561,1,下位,0
309,309,0,393,518,0,1,163,384,106,-1561,1,下位,0
213,213,0,865,1286,0,0,0,472,568,-1600,3,下位,0
159,159,0,539,817,0,0,0,213,1336,-568,8,下位,0
124,124,0,184,197,1,0,0,0,0,1,0,下位,0
412,362,65,88,56,0,0,0,124,247,71,2,下位,0
50,50,0,88,56,0,1,362,124,247,71,2,下位,0
669,669,0,203,222,0,0,0,412,106,-346,1,下位,0
366,171,67,445,523,0,0,0,669,272,-1030,1,下位,0
195,195,0,445,523,0,1,171,669,272,-1030,1,下位,0
674,168,69,327,295,0,0,0,366,573,-913,4,下位,0
506,506,0,327,295,0,1,168,366,573,-913,4,下位,0
463,463,0,87,54,0,0,0,674,345,-1462,3,下位,0
793,319,142,423,432,0,0,0,463,104,-2019,1,下位,0
474,433,71,423,432,0,1,319,463,104,-2019,1,下位,0
41,41,0,423,432,0,2,752,463,104,-2019,1,下位,0
331,77,69,922,1227,1,0,0,0,0,1,0,下位,0
254,254,0,922,1227,1,1,77,0,0,1,0,下位,0
965,79,211,589,823,0,0,0,331,1277,874,8,下位,0
886,276,146,589,823,0,1,79,331,1277,874,8,下位,0
610,509,73,589,823,0,2,355,331,1277,874,8,下位,0
101,101,0,589,823,0,3,864,331,1277,874,8,下位,0
574,574,0,1275,1625,0,0,0,965,873,580,5,下位,0
574,162,69,87,54,0,0,0,574,1675,1435,12,下位,0
412,412,0,87,54,0,1,162,574,1675,1435,12,下位,0
472,419,69,85,50,0,0,0,574,104,788,1,下位,0
53,53,0,85,50,0,1,419,574,104,788,1,下位,0
158,158,0,437,618,0,0,0,472,100,282,1,下位,0
140,140,0,317,436,0,0,0,158,668,724,2,下位,0
257,257,0,88,56,0,0,0,140,486,1010,2,下位,0
226,226,0,151,146,0,0,0,257,106,749,1,下位,0
215,215,0,88,56,0,0,0,226,196,622,1,下位,0
272,272,0,374,590,1,0,0,0,0,1,0,下位,0
44,44,0,628,734,0,0,0,272,640,252,2,下位,0
1060,376,69,179,194,0,0,0,44,784,973,6,下位,0
684,684,0,179,194,0,1,376,44,784,973,6,下位,0
100,100,0,86,52,0,0,0,1060,244,-228,2,下位,0
480,180,138,382,596,0,0,0,100,102,-269,1,下位,0
300,90,69,382,596,0,1,180,100,102,-269,1,下位,0
210,210,0,382,596,0,2,270,100,102,-269,1,下位,0
866,866,0,853,983,0,0,0,480,646,-171,2,下位,0
825,565,71,191,125,0,0,0,866,1033,-375,8,下位,0
260,260,0,191,125,0,1,565,866,1033,-375,8,下位,0
717,717,0,87,54,0,0,0,825,175,-1307,2,下位,0
576,165,71,230,309,0,0,0,717,104,-2227,1,下位,0
411,411,0,230,309,0,1,165,717,104,-2227,1,下位,0
474,434,69,87,54,0,0,0,576,359,-2620,2,下位,0
40,40,0,87,54,0,1,434,576,359,-2620,2,下位,0
264,264,0,197,163,1,0,0,0,0,1,0,下位,0
571,320,58,539,613,0,0,0,264,213,-163,1,下位,0
251,251,0,539,613,0,1,320,264,213,-163,1,下位,0
110,110,0,341,426,0,0,0,571,663,-258,5,下位,0
668,211,68,573,905,0,0,0,110,476,61,3,下位,0
457,457,0,573,905,0,1,211,110,476,61,3,下位,0
80,80,0,217,185,0,0,0,668,955,130,4,下位,0
760,497,66,148,111,0,0,0,80,235,251,2,下位,0
263,263,0,148,111,0,1,497,80,235,251,2,下位,0
683,683,0,173,171,0,0,0,760,161,-608,1,下位,0
164,164,0,400,451,0,0,0,683,221,-1363,2,下位,0
1059,1059,0,307,457,0,0,0,164,501,-1096,4,下位,0
198,198,0,87,53,0,0,0,1059,507,-2102,2,下位,0
168,168,0,157,158,0,0,0,198,103,-2282,1,下位,0
1013,430,130,85,51,0,0,0,168,208,-2314,2,下位,0
583,559,64,85,51,0,1,430,168,208,-2314,2,下位,0
24,24,0,85,51,0,2,989,168,208,-2314,2,下位,0
173,173,0,83,47,0,0,0,1013,101,-3530,1,下位,0
121,121,0,87,53,0,0,0,173,97,-3680,1,下位,0
468,468,0,85,49,0,0,0,121,103,-3750,1,下位,0
67,67,0,425,600,0,0,0,468,99,-4320,1,下位,0
86,86,0,86,52,0,0,0,67,650,-3766,3,下位,0
47,47,0,613,790,1,0,0,0,0,1,0,下位,0
269,269,0,199,188,0,0,0,47,840,774,6,下位,0
476,361,67,535,694,0,0,0,269,238,628,2,下位,0
115,115,0,535,694,0,1,361,269,238,628,2,下位,0
384,183,67,86,52,0,0,0,476,744,759,7,下位,0
201,201,0,86,52,0,1,183,476,744,759,7,下位,0
268,268,0,445,571,0,0,0,384,102,380,1,下位,0
345,77,69,170,172,0,0,0,268,621,618,4,下位,0
268,268,0,170,172,0,1,77,268,621,618,4,下位,0
180,180,0,89,57,0,0,0,345,222,416,2,下位,0
354,354,0,433,617,0,0,0,180,107,266,1,下位,0
211,211,0,271,218,0,0,0,354,667,427,4,下位,0
880,880,0,327,390,0,0,0,211,268,394,3,下位,0
573,367,136,255,297,0,0,0,880,440,-423,3,下位,0
206,19,71,255,297,0,1,367,880,440,-423,3,下位,0
187,187,0,255,297,0,2,386,880,440,-423,3,下位,0
233,233,0,199,180,0,0,0,573,347,-758,2,下位,0
361,361,0,299,411,0,0,0,233,230,-861,2,下位,0
68,68,0,776,1033,0,0,0,361,461,-916,3,下位,0
273,123,69,385,530,1,0,0,0,0,1,0,下位,0
150,150,0,385,530,1,1,123,0,0,1,0,下位,0
64,64,0,283,380,0,0,0,273,580,260,3,下位,0
269,269,0,561,633,0,0,0,64,430,599,2,下位,0
411,411,0,393,421,0,0,0,269,683,898,4,下位,0
47,47,0,171,164,0,0,0,411,471,782,4,下位,0
221,221,0,217,263,0,0,0,47,214,929,2,下位,0
577,577,0,266,201,0,0,0,221,313,926,2,下位,0
785,785,0,541,689,0,0,0,577,251,353,2,下位,0
601,50,67,434,555,0,0,0,785,739,-29,6,下位,0
551,551,0,434,555,0,1,50,785,739,-29,6,下位,0
600,356,142,89,58,0,0,0,601,605,-215,4,下位,0
244,47,73,89,58,0,1,356,601,605,-215,4,下位,0
197,197,0,89,58,0,2,403,601,605,-215,4,下位,0
702,166,274,190,157,0,0,0,600,108,-822,1,下位,0
536,68,205,190,157,0,1,166,600,108,-822,1,下位,0
468,162,138,190,157,0,2,234,600,108,-822,1,下位,0
306,55,71,190,157,0,3,396,600,108,-822,1,下位,0
251,251,0,190,157,0,4,451,600,108,-822,1,下位,0
229,229,0,147,142,0,0,0,702,207,-1344,2,下位,0
572,263,134,947,1208,0,0,0,229,192,-1479,1,下位,0
309,132,63,947,1208,0,1,263,229,192,-1479,1,下位,0
177,177,0,947,1208,0,2,395,229,192,-1479,1,下位,0
219,219,0,361,419,1,0,0,0,0,1,0,下位,0
203,203,0,511,589,0,0,0,219,469,157,3,下位,0
475,475,0,185,140,0,0,0,203,639,506,5,下位,0
65,65,0,189,186,0,0,0,475,190,17,2,下位,0
375,163,68,85,50,0,0,0,65,236,160,2,下位,0
212,212,0,85,50,0,1,163,65,236,160,2,下位,0
271,178,69,147,134,0,0,0,375,100,-208,1,下位,0
93,93,0,147,134,0,1,178,375,100,-208,1,下位,0
166,166,0,390,488,0,0,0,271,184,-342,2,下位,0
268,268,0,799,892,0,0,0,166,538,-41,3,下位,0
732,261,140,583,529,0,0,0,268,942,518,9,下位,0
471,198,69,583,529,0,1,261,268,942,518,9,下位,0
273,273,0,583,529,0,2,459,268,942,518,9,下位,0
174,174,0,273,276,0,0,0,732,579,191,6,下位,0
123,123,0,600,587,0,0,0,174,326,268,3,下位,0
683,480,67,565,801,0,0,0,123,637,729,5,下位,0
203,203,0,565,801,0,1,480,123,637,729,5,下位,0
482,482,0,1277,1954,0,0,0,683,851,671,3,下位,0
571,221,130,279,357,0,0,0,482,2004,1986,7,下位,0
350,85,67,279,357,0,1,221,482,2004,1986,7,下位,0
265,265,0,279,357,1,0,0,0,0,1,0,下位,0
177,177,0,243,236,0,0,0,265,407,29,3,下位,0
470,271,69,313,357,0,0,0,177,286,62,1,下位,0
199,199,0,313,357,0,1,271,177,286,62,1,下位,0
246,246,0,317,390,0,0,0,470,407,-133,3,下位,0
163,163,0,84,48,0,0,0,246,440,-44,2,下位,0
270,270,0,237,270,0,0,0,163,98,-179,1,下位,0
572,431,70,299,306,0,0,0,270,320,-245,1,下位,0
141,141,0,299,306,0,1,431,270,320,-245,1,下位,0
165,165,0,436,594,0,0,0,572,356,-636,2,下位,0
707,314,207,1217,1473,0,0,0,165,644,-228,5,下位,0
393,67,138,1217,1473,0,1,314,165,644,-228,5,下位,0
326,88,67,1217,1473,0,2,381,165,644,-228,5,下位,0
238,238,0,1217,1473,0,3,469,165,644,-228,5,下位,0
363,363,0,269,302,0,0,0,707,1523,491,10,下位,0
898,309,56,88,56,0,0,0,363,352,324,1,下位,0
589,589,0,88,56,0,1,309,363,352,324,1,下位,0
286,159,65,333,480,0,0,0,898,106,-796,1,下位,0
127,127,0,333,480,0,1,159,898,106,-796,1,下位,0
522,325,138,89,58,0,0,0,286,530,-609,3,下位,0
197,56,67,89,58,0,1,325,286,530,-609,3,下位,0
141,141,0,89,58,0,2,381,286,530,-609,3,下位,0
686,170,207,175,169,0,0,0,522,108,-1108,1,下位,0
516,21,138,175,169,0,1,170,522,108,-1108,1,下位,0
495,439,71,175,169,0,2,191,522,108,-1108,1,下位,0
56,56,0,175,169,0,3,630,522,108,-1108,1,下位,0
258,192,71,357,262,1,0,0,0,0,1,0,下位,0
66,66,0,357,262,1,1,192,0,0,1,0,下位,0
274,274,0,229,235,0,0,0,258,312,16,4,下位,0
767,767,0,567,692,0,0,0,274,285,-90,3,下位,0
458,157,140,255,271,0,0,0,767,742,-444,5,下位,0
301,168,69,255,271,0,1,157,767,742,-444,5,下位,0
133,133,0,255,271,0,2,325,767,742,-444,5,下位,0
150,150,0,605,723,0,0,0,458,321,-637,2,下位,0
1077,280,136,1227,1667,0,0,0,150,773,-78,4,下位,0
797,559,69,1227,1667,0,1,280,150,773,-78,4,下位,0
238,238,0,1227,1667,0,2,839,150,773,-78,4,下位,0
363,363,0,294,279,0,0,0,1077,1717,236,10,下位,0
360,360,0,89,58,0,0,0,363,329,46,3,下位,0
55,55,0,376,279,0,0,0,360,108,-360,1,下位,0
162,162,0,375,416,0,0,0,55,329,-110,4,下位,0
65,65,0,85,50,0,0,0,162,466,125,3,下位,0
452,38,142,444,580,1,0,0,0,0,1,0,下位,0
414,379,73,444,580,1,1,38,0,0,1,0,下位,0
35,35,0,444,580,1,2,417,0,0,1,0,下位,0
164,164,0,85,50,0,0,0,452,630,128,5,下位,0
319,319,0,391,423,0,0,0,164,100,-6,1,下位,0
479,479,0,859,1090,0,0,0,319,473,11,4,下位,0
371,220,71,405,467,0,0,0,479,1140,467,9,下位,0
151,151,0,405,467,0,1,220,479,1140,467,9,下位,0
1013,579,214,131,101,0,0,0,371,517,525,3,下位,0
434,21,136,131,101,0,1,579,371,517,525,3,下位,0
413,299,71,131,101,0,2,600,371,517,525,3,下位,0
114,114,0,131,101,0,3,899,371,517,525,3,下位,0
76,76,0,293,296,0,0,0,1013,151,-557,1,下位,0
361,260,71,329,459,0,0,0,76,346,-320,3,下位,0
101,101,0,329,459,0,1,260,76,346,-320,3,下位,0
117,117,0,86,52,0,0,0,361,509,-255,2,下位,0
888,888,0,337,454,0,0,0,117,102,-320,1,下位,0
725,205,69,85,50,0,0,0,888,504,-1085,2,下位,0
520,520,0,85,50,0,1,205,888,504,-1085,2,下位,0
212,92,78,191,136,0,0,0,725,100,-1952,1,下位,0
120,120,0,191,136,1,0,0,0,0,1,0,下位,0
522,522,0,419,612,0,0,0,120,186,16,2,下位,0
692,159,65,667,801,0,0,0,522,662,-68,2,下位,0
533,533,0,667,801,0,1,159,522,662,-68,2,下位,0
1060,1060,0,544,659,0,0,0,692,851,-140,7,下位,0
265,265,0,84,48,0,0,0,1060,709,-945,5,下位,0
367,266,69,1045,1297,0,0,0,265,98,-1226,1,下位,0
101,101,0,1045,1297,0,1,266,265,98,-1226,1,下位,0
774,199,133,717,703,0,0,0,367,1347,-334,11,下位,0
575,218,68,717,703,0,1,199,367,1347,-334,11,下位,0
357,357,0,717,703,0,2,417,367,1347,-334,11,下位,0
471,471,0,805,1120,0,0,0,774,753,-553,7,下位,0
581,490,65,197,202,0,0,0,471,1170,-56,6,下位,0
91,91,0,197,202,0,1,490,471,1170,-56,6,下位,0
214,214,0,369,412,0,0,0,581,252,-569,2,下位,0
536,271,69,652,811,0,0,0,214,462,-413,3,下位,0
265,265,0,652,811,1,0,0,0,0,1,0,下位,0
666,361,67,89,58,0,0,0,265,861,483,6,下位,0
305,305,0,89,58,0,1,361,265,861,483,6,下位,0
268,268,0,309,402,0,0,0,666,108,-294,1,下位,0
1057,1057,0,86,52,0,0,0,268,452,-225,3,下位,0
215,215,0,259,238,0,0,0,1057,102,-1633,1,下位,0
161,161,0,2361,3387,0,0,0,215,288,-1652,3,下位,0
368,368,0,265,284,0,0,0,161,3437,1555,19,下位,0
267,267,0,320,356,0,0,0,368,334,1363,3,下位,0
161,161,0,845,1087,0,0,0,267,406,1388,3,下位,0
261,261,0,193,198,0,0,0,161,1137,2295,8,下位,0
282,282,0,211,218,1,0,0,0,0,1,0,下位,0
679,679,0,86,52,0,0,0,282,268,-134,2,下位,0
262,262,0,411,534,0,0,0,679,102,-1002,1,下位,0
148,148,0,87,53,0,0,0,262,584,-792,3,下位,0
482,482,0,568,790,0,0,0,148,103,-900,1,下位,0
1048,776,69,86,52,0,0,0,482,840,-749,4,下位,0
272,272,0,86,52,0,1,776,482,840,-749,4,下位,0
69,69,0,330,376,0,0,0,1048,102,-2076,1,下位,0
199,199,0,204,209,1,0,0,0,0,1,0,下位,0
890,890,0,3311,4996,0,0,0,199,259,-24,2,下位,0
196,196,0,1069,1362,0,0,0,890,5046,3751,22,下位,0
645,167,71,191,207,0,0,0,196,1412,4883,11,下位,0
478,478,0,191,207,0,1,167,196,1412,4883,11,下位,0
432,432,0,85,50,0,0,0,645,257,4289,2,下位,0
268,167,69,663,671,0,0,0,432,100,3772,1,下位,0
101,101,0,663,671,0,1,167,432,100,3772,1,下位,0
426,426,0,88,56,1,0,0,0,0,1,0,下位,0
368,67,67,183,128,0,0,0,426,106,-502,1,下位,0
301,301,0,183,128,0,1,67,426,106,-502,1,下位,0
327,327,0,85,50,0,0,0,368,178,-783,2,下位,0
99,99,0,387,524,0,0,0,327,100,-1150,1,下位,0
461,461,0,334,385,1,0,0,0,0,1,0,下位,0
271,188,67,163,160,0,0,0,461,435,-223,3,下位,0
83,83,0,163,160,0,1,188,461,435,-223,3,下位,0
874,874,0,404,527,0,0,0,271,210,-334,2,下位,0
445,168,136,88,56,0,0,0,874,577,-1006,4,下位,0
277,98,69,88,56,0,1,168,874,577,-1006,4,下位,0
179,179,0,88,56,0,2,266,874,577,-1006,4,下位,0
569,162,71,455,584,0,0,0,445,106,-1400,1,下位,0
407,407,0,455,584,0,1,162,445,106,-1400,1,下位,0
1063,325,71,3295,5370,0,0,0,569,634,-1507,5,下位,0
738,738,0,3295,5370,0,1,325,569,634,-1507,5,下位,0
180,180,0,466,588,0,0,0,1063,5420,2466,18,下位,0
879,565,69,489,658,0,0,0,180,638,2847,4,下位,0
314,314,0,489,658,0,1,565,180,638,2847,4,下位,0
241,241,0,335,293,0,0,0,879,708,2368,3,下位,0
347,171,71,461,587,0,0,0,241,343,2367,4,下位,0
176,176,0,461,587,0,1,171,241,343,2367,4,下位,0
164,164,0,82,44,0,0,0,347,637,2580,3,下位,0
549,549,0,186,146,1,0,0,0,0,1,0,下位,0
1071,554,63,327,349,0,0,0,549,196,-587,2,下位,0
517,517,0,327,349,0,1,554,549,196,-587,2,下位,0
1059,425,129,707,855,0,0,0,1071,399,-1655,3,下位,0
634,400,58,707,855,0,1,425,1071,399,-1655,3,下位,0
234,234,0,707,855,0,2,825,1071,399,-1655,3,下位,0
108,108,0,217,225,0,0,0,1059,905,-2133,6,下位,0
359,359,0,186,140,0,0,0,108,275,-2012,1,下位,0
303,111,142,181,205,0,0,0,359,190,-2335,1,下位,0
192,169,71,181,205,0,1,111,359,190,-2335,1,下位,0
23,23,0,181,205,0,2,280,359,190,-2335,1,下位,0
692,692,0,391,527,0,0,0,303,255,-2371,2,下位,0
734,257,136,423,478,0,0,0,692,577,-2783,3,下位,0
477,210,65,423,478,0,1,257,692,577,-2783,3,下位,0
267,267,0,423,478,0,2,467,692,577,-2783,3,下位,0
335,161,71,1233,1586,0,0,0,734,528,-3167,4,下位,0
174,174,0,1233,1586,0,1,161,734,528,-3167,4,下位,0
372,205,65,87,54,0,0,0,335,1636,-1939,10,下位,0
167,167,0,87,54,0,1,205,335,1636,-1939,10,下位,0
114,114,0,1272,1902,1,0,0,0,0,1,0,下位,0
271,271,0,87,54,0,0,0,114,1952,1790,7,下位,0
657,249,67,251,266,0,0,0,271,104,1507,1,下位,0
408,408,0,251,266,0,1,249,271,104,1507,1,下位,0
958,958,0,205,190,0,0,0,657,316,951,3,下位,0
294,271,69,767,1195,0,0,0,958,240,-178,2,下位,0
23,23,0,767,1195,0,1,271,958,240,-178,2,下位,0
283,161,136,347,410,0,0,0,294,1245,716,4,下位,0
122,99,67,347,410,0,1,161,294,1245,716,4,下位,0
23,23,0,347,410,0,2,260,294,1245,716,4,下位,0
668,668,0,86,52,0,0,0,283,460,908,3,下位,0
74,74,0,343,480,0,0,0,668,102,56,1,下位,0
323,225,64,331,387,0,0,0,74,530,480,2,下位,0
98,98,0,331,387,0,1,225,74,530,480,2,下位,0
394,394,0,87,54,0,0,0,323,437,520,3,下位,0
1089,1089,0,88,56,0,0,0,394,104,61,1,下位,0
384,242,71,449,515,0,0,0,1089,106,-1389,1,下位,0
142,142,0,449,515,0,1,242,1089,106,-1389,1,下位,0
398,45,71,87,54,1,0,0,0,0,1,0,下位,0
353,353,0,87,54,1,1,45,0,0,1,0,下位,0
704,163,205,291,300,0,0,0,398,104,-392,1,下位,0
541,228,138,291,300,0,1,163,398,104,-392,1,下位,0
313,260,69,291,300,0,2,391,398,104,-392,1,下位,0
53,53,0,291,300,0,3,651,398,104,-392,1,下位,0
165,165,0,429,500,0,0,0,704,350,-843,3,下位,0
297,297,0,181,203,0,0,0,165,550,-529,4,下位,0
877,169,144,284,374,0,0,0,297,253,-700,1,下位,0
708,561,71,284,374,0,1,169,297,253,-700,1,下位,0
147,147,0,284,374,0,2,730,297,253,-700,1,下位,0
585,172,147,611,925,0,0,0,877,424,-1384,2,下位,0
413,202,69,611,925,0,1,172,877,424,-1384,2,下位,0
211,211,0,611,925,0,2,374,877,424,-1384,2,下位,0
1073,730,127,85,50,0,0,0,585,975,-1098,5,下位,0
343,326,64,85,50,0,1,730,585,975,-1098,5,下位,0
17,17,0,85,50,0,2,1056,585,975,-1098,5,下位,0
367,367,0,259,346,0,0,0,1073,100,-2404,1,下位,0
197,197,0,219,231,0,0,0,367,396,-2532,3,下位,0
66,66,0,87,54,0,0,0,197,281,-2532,3,下位,0
361,361,0,89,58,0,0,0,66,104,-2522,1,下位,0
327,126,67,89,58,1,0,0,0,0,1,0,下位,0
201,201,0,89,58,1,1,126,0,0,1,0,下位,0
482,237,65,87,54,0,0,0,327,108,-291,1,下位,0
245,245,0,87,54,0,1,237,327,108,-291,1,下位,0
233,233,0,86,52,0,0,0,482,104,-811,1,下位,0
75,75,0,211,172,0,0,0,233,102,-1042,1,下位,0
216,216,0,547,651,0,0,0,75,222,-927,2,下位,0
215,155,71,82,44,0,0,0,216,701,-535,6,下位,0
60,60,0,82,44,0,1,155,216,701,-535,6,下位,0
481,358,67,305,361,0,0,0,215,94,-677,1,下位,0
123,123,0,305,361,0,1,358,215,94,-677,1,下位,0
674,447,78,950,1329,0,0,0,481,411,-886,2,下位,0
227,227,0,950,1329,0,1,447,481,411,-886,2,下位,0
382,304,71,496,545,0,0,0,674,1379,-392,8,下位,0
78,78,0,496,545,0,1,304,674,1379,-392,8,下位,0
1050,360,71,347,478,0,0,0,382,595,-271,5,下位,0
690,690,0,347,478,0,1,360,382,595,-271,5,下位,0
72,72,0,467,559,1,0,0,0,0,1,0,下位,0
880,379,134,89,58,0,0,0,72,609,507,5,下位,0
501,200,69,89,58,0,1,379,72,609,507,5,下位,0
301,301,0,89,58,0,2,579,72,609,507,5,下位,0
757,87,65,85,50,0,0,0,880,108,-508,1,下位,0
670,670,0,85,50,0,1,87,880,108,-508,1,下位,0
159,159,0,415,586,0,0,0,757,100,-1424,1,下位,0
61,61,0,251,171,0,0,0,159,636,-1015,2,下位,0
543,176,69,575,772,0,0,0,61,221,-881,3,下位,0
367,367,0,575,772,0,1,176,61,221,-881,3,下位,0
157,157,0,163,166,0,0,0,543,822,-765,6,下位,0
343,343,0,931,1052,0,0,0,157,216,-773,1,下位,0
337,162,69,289,242,0,0,0,343,1102,-161,9,下位,0
175,175,0,289,242,0,1,162,343,1102,-161,9,下位,0
672,315,67,639,807,0,0,0,337,292,-281,3,下位,0
357,357,0,639,807,0,1,315,337,292,-281,3,下位,0
298,187,69,249,295,0,0,0,672,857,-317,5,下位,0
111,111,0,249,295,0,1,187,672,857,-317,5,下位,0
543,188,71,83,46,0,0,0,298,345,-329,3,下位,0
355,355,0,83,46,0,1,188,298,345,-329,3,下位,0
669,669,0,192,165,0,0,0,543,96,-938,1,下位,0
159,159,0,533,723,0,0,0,669,215,-1679,2,下位,0
263,263,0,383,400,1,0,0,0,0,1,0,下位,0
805,173,138,89,58,0,0,0,263,450,75,4,下位,0
632,612,69,89,58,0,1,173,263,450,75,4,下位,0
20,20,0,89,58,0,2,785,263,450,75,4,下位,0
517,414,71,85,50,0,0,0,805,108,-829,1,下位,0
103,103,0,85,50,0,1,414,805,108,-829,1,下位,0
222,222,0,275,320,0,0,0,517,100,-1396,1,下位,0
612,612,0,371,568,0,0,0,222,370,-1343,3,下位,0
685,324,63,85,50,0,0,0,612,618,-1599,2,下位,0
361,361,0,85,50,0,1,324,612,618,-1599,2,下位,0
562,364,132,84,48,0,0,0,685,100,-2415,1,下位,0
198,160,67,84,48,0,1,364,685,100,-2415,1,下位,0
38,38,0,84,48,0,2,524,685,100,-2415,1,下位,0
925,475,134,368,404,0,0,0,562,98,-2988,1,下位,0
450,112,65,368,404,0,1,475,562,98,-2988,1,下位,0
338,338,0,368,404,0,2,587,562,98,-2988,1,下位,0
387,364,69,161,129,0,0,0,925,454,-3722,3,下位,0
23,23,0,161,129,0,1,364,925,454,-3722,3,下位,0
600,600,0,87,54,0,0,0,387,179,-4027,2,下位,0
562,18,190,404,604,1,0,0,0,0,1,0,下位,0
544,179,134,404,604,1,1,18,0,0,1,0,下位,0
365,265,68,404,604,1,2,197,0,0,1,0,下位,0
100,100,0,404,604,1,3,462,0,0,1,0,下位,0
179,179,0,83,45,0,0,0,562,654,41,3,下位,0
896,221,188,87,53,0,0,0,179,95,-120,1,下位,0
675,156,124,87,53,0,1,221,179,95,-120,1,下位,0
519,24,66,87,53,0,2,377,179,95,-120,1,下位,0
495,495,0,87,53,0,3,401,179,95,-120,1,下位,0
472,127,130,235,297,0,0,0,896,103,-1109,1,下位,0
345,145,68,235,297,0,1,127,896,103,-1109,1,下位,0
200,200,0,235,297,0,2,272,896,103,-1109,1,下位,0
657,563,129,273,311,0,0,0,472,347,-1306,2,下位,0
94,25,65,273,311,0,1,563,472,347,-1306,2,下位,0
69,69,0,273,311,0,2,588,472,347,-1306,2,下位,0
1061,834,66,85,51,0,0,0,657,361,-1755,3,下位,0
227,227,0,85,51,0,1,834,657,361,-1755,3,下位,0
463,463,0,85,51,0,0,0,1061,101,-3103,1,下位,0
219,219,0,85,51,0,0,0,463,101,-3663,1,下位,0
69,69,0,179,154,0,0,0,219,101,-3875,1,下位,0
602,602,0,557,849,0,0,0,69,204,-3770,2,下位,0
387,387,0,401,514,0,0,0,602,899,-3731,2,下位,0
256,256,0,85,51,0,0,0,387,564,-3720,3,下位,0
343,343,0,539,856,1,0,0,0,0,1,0,下位,0
667,77,211,178,109,0,0,0,343,906,417,3,下位,0
590,354,142,178,109,0,1,77,343,906,417,3,下位,0
236,146,71,178,109,0,2,431,343,906,417,3,下位,0
90,90,0,178,109,0,3,577,343,906,417,3,下位,0
395,395,0,87,54,0,0,0,667,159,-167,2,下位,0
64,64,0,87,54,0,0,0,395,104,-627,1,下位,0
466,466,0,2088,3367,0,0,0,64,104,-614,1,下位,0
363,363,0,181,195,0,0,0,466,3417,2137,11,下位,0
160,160,0,87,54,0,0,0,363,245,1863,2,下位,0
373,256,69,259,203,0,0,0,160,104,1738,1,下位,0
117,117,0,259,203,0,1,256,160,104,1738,1,下位,0
1058,641,69,249,304,0,0,0,373,253,1527,3,下位,0
417,417,0,249,304,0,1,641,373,253,1527,3,下位,0
140,140,0,270,264,0,0,0,1058,354,438,2,下位,0
516,364,73,856,1382,0,0,0,140,314,552,3,下位,0
152,152,0,856,1382,0,1,364,140,314,552,3,下位,0
294,172,71,259,287,0,0,0,516,1432,1320,5,下位,0
122,122,0,259,287,0,1,172,516,1432,1320,5,下位,0
871,310,69,311,425,0,0,0,294,337,1308,3,下位,0
561,561,0,311,425,0,1,310,294,337,1308,3,下位,0
292,292,0,637,986,1,0,0,0,0,1,0,下位,0
263,263,0,199,214,0,0,0,292,1036,620,4,下位,0
422,177,136,232,214,0,0,0,263,264,508,2,下位,0
245,99,69,232,214,0,1,177,263,264,508,2,下位,0
146,146,0,232,214,0,2,276,263,264,508,2,下位,0
548,548,0,445,472,0,0,0,422,264,305,2,下位,0
640,640,0,89,58,0,0,0,548,522,44,3,下位,0
170,170,0,89,58,0,0,0,640,108,-762,1,下位,0
211,211,0,549,803,0,0,0,170,108,-897,1,下位,0
577,365,138,86,52,0,0,0,211,853,-345,3,下位,0
212,165,69,86,52,0,1,365,211,853,-345,3,下位,0
47,47,0,86,52,0,2,530,211,853,-345,3,下位,0
917,330,136,4207,7158,0,0,0,577,102,-929,1,下位,0
587,173,69,4207,7158,0,1,330,577,102,-929,1,下位,0
414,414,0,4207,7158,0,2,503,577,102,-929,1,下位,0
338,338,0,168,103,0,0,0,917,7208,5106,18,下位,0
329,329,0,88,56,0,0,0,338,153,4776,2,下位,0
210,210,0,304,423,1,0,0,0,0,1,0,下位,0
566,566,0,87,54,0,0,0,210,473,174,2,下位,0
465,153,71,457,623,0,0,0,566,104,-531,1,下位,0
312,312,0,457,623,0,1,153,566,104,-531,1,下位,0
804,637,67,913,1226,0,0,0,465,673,-452,4,下位,0
167,167,0,913,1226,0,1,637,465,673,-452,4,下位,0
363,363,0,1047,1340,0,0,0,804,1276,-258,8,下位,0
106,106,0,283,311,0,0,0,363,1390,613,10,下位,0
176,176,0,845,987,0,0,0,106,361,823,2,下位,0
414,414,0,193,135,0,0,0,176,1037,1609,7,下位,0
905,368,209,357,387,0,0,0,414,185,1203,2,下位,0
537,264,138,357,387,0,1,368,414,185,1203,2,下位,0
273,59,69,357,387,0,2,632,414,185,1203,2,下位,0
214,214,0,357,387,0,3,691,414,185,1203,2,下位,0
683,190,60,403,472,0,0,0,905,437,556,3,下位,0
493,493,0,403,472,0,1,190,905,437,556,3,下位,0
72,72,0,163,112,1,0,0,0,0,1,0,下位,0
177,129,67,407,458,0,0,0,72,162,60,1,下位,0
48,48,0,407,458,0,1,129,72,162,60,1,下位,0
279,197,136,423,361,0,0,0,177,508,382,4,下位,0
82,32,67,423,361,0,1,197,177,508,382,4,下位,0
50,50,0,423,361,0,2,229,177,508,382,4,下位,0
626,381,71,331,372,0,0,0,279,411,531,4,下位,0
245,245,0,331,372,0,1,381,279,411,531,4,下位,0
472,472,0,87,54,0,0,0,626,422,130,4,下位,0
453,453,0,164,133,0,0,0,472,104,-440,1,下位,0
980,694,71,805,1090,0,0,0,453,183,-904,2,下位,0
286,286,0,805,1090,0,1,694,453,183,-904,2,下位,0
477,477,0,87,54,0,0,0,980,1140,-1093,6,下位,0
478,478,0,349,392,0,0,0,477,104,-1670,1,下位,0
955,486,138,1003,1272,0,0,0,478,442,-1911,3,下位,0
469,368,71,1003,1272,0,1,486,478,442,-1911,3,下位,0
101,101,0,1003,1272,0,2,854,478,442,-1911,3,下位,0
203,203,0,525,671,1,0,0,0,0,1,0,下位,0
553,553,0,531,844,0,0,0,203,721,432,4,下位,0
706,159,138,85,51,0,0,0,553,894,536,3,下位,0
547,209,67,85,51,0,1,159,553,894,536,3,下位,0
338,338,0,85,51,0,2,368,553,894,536,3,下位,0
167,167,0,467,615,0,0,0,706,101,-234,1,下位,0
513,157,138,179,160,0,0,0,167,665,192,4,下位,0
356,269,69,179,160,0,1,157,167,665,192,4,下位,0
87,87,0,179,160,0,2,426,167,665,192,4,下位,0
773,96,149,315,365,0,0,0,513,210,-192,2,下位,0
677,500,73,315,365,0,1,96,513,210,-192,2,下位,0
177,177,0,315,365,0,2,596,513,210,-192,2,下位,0
1061,70,140,297,281,0,0,0,773,415,-732,3,下位,0
991,310,71,297,281,0,1,70,773,415,-732,3,下位,0
681,681,0,297,281,0,2,380,773,415,-732,3,下位,0
678,239,138,205,179,0,0,0,1061,331,-1777,3,下位,0
439,326,69,205,179,0,1,239,1061,331,-1777,3,下位,0
113,113,0,205,179,0,2,565,1061,331,-1777,3,下位,0
545,150,126,84,48,1,0,0,0,0,1,0,下位,0
395,194,65,84,48,1,1,150,0,0,1,0,下位,0
201,201,0,84,48,1,2,344,0,0,1,0,下位,0
621,621,0,88,56,0,0,0,545,98,-553,1,下位,0
419,419,0,537,778,0,0,0,621,106,-1334,1,下位,0
444,116,130,87,54,0,0,0,419,828,-1105,3,下位,0
328,208,63,87,54,0,1,116,419,828,-1105,3,下位,0
120,120,0,87,54,0,2,324,419,828,-1105,3,下位,0
365,319,71,644,791,0,0,0,444,104,-1505,1,下位,0
46,46,0,644,791,0,1,319,444,104,-1505,1,下位,0
143,143,0,169,121,0,0,0,365,841,-1115,7,下位,0
121,121,0,161,155,0,0,0,143,171,-1148,1,下位,0
157,157,0,88,56,0,0,0,121,205,-1116,2,下位,0
374,374,0,259,240,0,0,0,157,106,-1234,1,下位,0
168,168,0,2257,3323,0,0,0,374,290,-1478,2,下位,0
577,360,136,89,58,0,0,0,168,3373,1655,18,下位,0
217,67,67,89,58,0,1,360,168,3373,1655,18,下位,0
150,150,0,89,58,0,2,427,168,3373,1655,18,下位,0
367,367,0,657,965,0,0,0,577,108,1075,1,下位,0
325,325,0,88,56,0,0,0,367,1015,1566,6,下位,0
392,392,0,325,489,0,0,0,325,106,1208,1,下位,0
632,370,65,306,284,0,0,0,392,539,1187,2,下位,0
262,262,0,306,284,1,0,0,0,0,1,0,下位,0
365,365,0,887,1133,0,0,0,262,334,-39,3,下位,0
1056,1056,0,785,1032,0,0,0,365,1183,623,7,下位,0
869,371,61,505,654,0,0,0,1056,1082,196,7,下位,0
498,498,0,505,654,0,1,371,1056,1082,196,7,下位,0
376,376,0,204,203,0,0,0,869,704,-280,4,下位,0
217,217,0,405,529,0,0,0,376,253,-564,1,下位,0
165,165,0,551,729,0,0,0,217,579,-295,3,下位,0
50,50,0,306,316,0,0,0,165,779,248,5,下位,0
191,191,0,86,52,0,0,0,50,366,543,3,下位,0
664,664,0,332,387,0,0,0,191,102,372,1,下位,0
651,314,283,88,56,0,0,0,664,437,-140,3,下位,0
337,86,216,88,56,0,1,314,664,437,-140,3,下位,0
251,49,149,88,56,1,0,0,0,0,1,0,下位,0
202,100,71,88,56,1,1,49,0,0,1,0,下位,0
102,102,0,88,56,1,2,149,0,0,1,0,下位,0
483,483,0,289,274,0,0,0,251,106,-103,1,下位,0
44,44,0,243,298,0,0,0,483,324,-469,3,下位,0
1019,361,136,662,974,0,0,0,44,348,-184,2,下位,0
658,611,69,662,974,0,1,361,44,348,-184,2,下位,0
47,47,0,662,974,0,2,972,44,348,-184,2,下位,0
873,873,0,329,415,0,0,0,1019,1024,-480,5,下位,0
272,172,69,177,118,0,0,0,873,465,-1262,4,下位,0
100,100,0,177,118,0,1,172,873,465,-1262,4,下位,0
847,847,0,208,224,0,0,0,272,168,-1414,2,下位,0
813,212,69,772,1072,0,0,0,847,274,-2350,2,下位,0
601,601,0,772,1072,0,1,212,847,274,-2350,2,下位,0
408,408,0,190,147,0,0,0,813,1122,-2321,6,下位,0
135,135,0,856,1256,0,0,0,408,197,-2707,2,下位,0
1235,297,203,716,857,0,0,0,135,1306,-1594,6,下位,0
938,377,138,716,857,0,1,297,135,1306,-1594,6,下位,0
561,200,69,716,857,0,2,674,135,1306,-1594,6,下位,0
361,361,0,716,857,1,0,0,0,0,1,0,下位,0
1061,1061,0,282,308,0,0,0,361,907,392,6,下位,0
449,179,67,379,509,0,0,0,1061,358,-766,3,下位,0
270,270,0,379,509,0,1,179,1061,358,-766,3,下位,0
304,304,0,319,362,0,0,0,449,559,-782,2,下位,0
830,233,266,89,58,0,0,0,304,412,-804,3,下位,0
597,144,201,89,58,0,1,233,304,412,-804,3,下位,0
453,204,130,89,58,0,2,377,304,412,-804,3,下位,0
249,26,61,89,58,0,3,581,304,412,-804,3,下位,0
223,223,0,89,58,0,4,607,304,412,-804,3,下位,0
387,274,71,89,58,0,0,0,830,108,-1616,1,下位,0
113,113,0,89,58,0,1,274,830,108,-1616,1,下位,0
797,88,211,257,252,0,0,0,387,108,-1989,1,下位,0
709,191,138,257,252,0,1,88,387,108,-1989,1,下位,0
518,113,69,257,252,0,2,279,387,108,-1989,1,下位,0
405,405,0,257,252,0,3,392,387,108,-1989,1,下位,0
156,156,0,447,654,0,0,0,797,302,-2615,2,下位,0
364,364,0,87,54,0,0,0,156,704,-2134,3,下位,0
60,60,0,88,56,0,0,0,364,104,-2550,1,下位,0
165,165,0,181,205,0,0,0,60,106,-2530,1,下位,0
370,312,71,88,56,1,0,0,0,0,1,0,下位,0
58,58,0,88,56,1,1,312,0,0,1,0,下位,0
470,470,0,84,48,0,0,0,370,106,-351,1,下位,0
376,376,0,198,207,0,0,0,470,98,-924,1,下位,0
282,172,71,307,403,0,0,0,376,257,-1204,2,下位,0
110,110,0,307,403,0,1,172,376,257,-1204,2,下位,0
441,261,69,267,225,0,0,0,282,453,-1083,3,下位,0
180,180,0,267,225,0,1,261,282,453,-1083,3,下位,0
558,359,69,163,157,0,0,0,441,275,-1369,3,下位,0
199,199,0,163,157,0,1,359,441,275,-1369,3,下位,0
107,107,0,1397,1682,0,0,0,558,207,-1890,2,下位,0
830,423,67,151,147,1,0,0,0,0,1,0,下位,0
407,407,0,151,147,1,1,423,0,0,1,0,下位,0
675,97,64,88,56,0,0,0,830,197,-920,2,下位,0
578,578,0,88,56,0,1,97,830,197,-920,2,下位,0
475,199,138,202,246,0,0,0,675,106,-1715,1,下位,0
276,174,71,202,246,0,1,199,675,106,-1715,1,下位,0
102,102,0,202,246,0,2,373,675,106,-1715,1,下位,0
309,309,0,187,215,0,0,0,475,296,-1960,2,下位,0
59,59,0,883,1318,0,0,0,309,265,-2136,2,下位,0
107,107,0,979,1548,1,0,0,0,0,1,0,下位,0
413,413,0,3149,5329,0,0,0,107,1598,1446,4,下位,0
870,571,71,283,308,0,0,0,413,5379,6235,13,下位,0
299,299,0,283,308,0,1,571,413,5379,6235,13,下位,0
79,79,0,327,347,0,0,0,870,358,5421,3,下位,0
715,391,69,86,52,0,0,0,79,397,5705,3,下位,0
324,324,0,86,52,0,1,391,79,397,5705,3,下位,0
167,167,0,2195,3767,0,0,0,715,102,4854,1,下位,0
1057,1057,0,971,1166,0,0,0,167,3817,8432,9,下位,0
315,315,0,541,856,1,0,0,0,0,1,0,下位,0
171,171,0,253,241,0,0,0,315,906,457,4,下位,0
997,442,197,353,392,0,0,0,171,291,504,3,下位,0
555,144,130,353,392,0,1,442,171,291,504,3,下位,0
411,76,65,353,392,0,2,586,171,291,504,3,下位,0
335,335,0,353,392,0,3,662,171,291,504,3,下位,0
888,809,67,86,52,0,0,0,997,442,-282,2,下位,0
79,79,0,86,52,0,1,809,997,442,-282,2,下位,0
269,269,0,3639,5470,0,0,0,888,102,-1382,1,下位,0
667,294,67,223,190,0,0,0,269,5520,3754,25,下位,0
373,373,0,223,190,0,1,294,269,5520,3754,25,下位,0
189,189,0,87,54,1,0,0,0,0,1,0,下位,0
271,219,78,87,54,0,0,0,189,104,-165,1,下位,0
52,52,0,87,54,0,1,219,189,104,-165,1,下位,0
1086,580,126,480,630,0,0,0,271,104,-370,1,下位,0
506,372,69,480,630,0,1,580,271,104,-370,1,下位,0
134,134,0,480,630,0,2,952,271,104,-370,1,下位,0
866,866,0,458,662,0,0,0,1086,680,-1115,4,下位,0
178,98,69,215,174,0,0,0,866,712,-1640,4,下位,0
80,80,0,215,174,0,1,98,866,712,-1640,4,下位,0
627,378,65,229,269,0,0,0,178,224,-1601,2,下位,0
249,249,0,229,269,0,1,378,178,224,-1601,2,下位,0
83,83,0,315,413,0,0,0,627,319,-2113,2,下位,0
167,167,0,293,255,0,0,0,83,463,-1769,1,下位,0
224,224,0,228,281,0,0,0,167,305,-1703,3,下位,0
145,145,0,89,58,0,0,0,224,331,-1692,2,下位,0
65,65,0,1403,1829,0,0,0,145,108,-1791,1,下位,0
421,421,0,868,1181,0,0,0,65,1879,-5,12,下位,0
49,49,0,259,328,0,0,0,421,1231,625,7,下位,0
376,86,69,385,337,1,0,0,0,0,1,0,下位,0
290,290,0,385,337,1,1,86,0,0,1,0,下位,0
840,261,198,413,608,0,0,0,376,387,-80,4,下位,0
579,99,131,413,608,0,1,261,376,387,-80,4,下位,0
480,22,64,413,608,0,2,360,376,387,-80,4,下位,0
458,458,0,413,608,0,3,382,376,387,-80,4,下位,0
364,364,0,299,406,0,0,0,840,658,-423,3,下位,0
372,146,69,183,196,0,0,0,364,456,-487,2,下位,0
226,226,0,183,196,0,1,146,364,456,-487,2,下位,0
469,469,0,86,52,0,0,0,372,246,-704,2,下位,0
469,268,71,359,425,0,0,0,469,102,-1272,1,下位,0
201,201,0,359,425,0,1,268,469,102,-1272,1,下位,0
320,320,0,267,309,0,0,0,469,475,-1396,3,下位,0
1058,458,203,231,252,0,0,0,320,359,-1494,2,下位,0
600,149,132,231,252,0,1,458,320,359,-1494,2,下位,0
451,380,63,231,252,0,2,607,320,359,-1494,2,下位,0
71,71,0,231,252,0,3,987,320,359,-1494,2,下位,0
435,435,0,373,470,0,0,0,1058,302,-2500,2,下位,0
872,368,69,177,112,0,0,0,435,520,-2601,3,下位,0
504,504,0,177,112,0,1,368,435,520,-2601,3,下位,0
889,133,136,185,180,0,0,0,872,162,-3616,2,下位,0
756,480,71,185,180,0,1,133,872,162,-3616,2,下位,0
276,276,0,185,180,0,2,613,872,162,-3616,2,下位,0
604,604,0,213,248,1,0,0,0,0,1,0,下位,0
527,265,134,311,326,0,0,0,604,298,-564,3,下位,0
262,161,68,311,326,0,1,265,604,298,-564,3,下位,0
101,101,0,311,326,0,2,426,604,298,-564,3,下位,0
466,219,70,87,53,0,0,0,527,376,-807,3,下位,0
247,247,0,87,53,0,1,219,527,376,-807,3,下位,0
370,370,0,231,264,0,0,0,466,103,-1300,1,下位,0
469,370,130,1147,1930,0,0,0,370,314,-1515,1,下位,0
99,50,64,1147,1930,0,1,370,370,314,-1515,1,下位,0
49,49,0,1147,1930,0,2,420,370,314,-1515,1,下位,0
161,161,0,391,472,0,0,0,469,1980,-75,5,下位,0
472,472,0,304,382,0,0,0,161,522,217,4,下位,0
304,304,0,581,801,0,0,0,472,432,-25,1,下位,0
891,163,200,85,49,0,0,0,304,851,392,5,下位,0
728,73,137,85,49,0,1,163,304,851,392,5,下位,0
655,366,69,85,49,0,2,236,304,851,392,5,下位,0
289,289,0,85,49,0,3,602,304,851,392,5,下位,0
483,271,132,355,442,0,0,0,891,99,-582,1,下位,0
212,105,66,355,442,0,1,271,891,99,-582,1,下位,0
107,107,0,355,442,0,2,376,891,99,-582,1,下位,0
