番号,REGゲーム数,REG枚数,ATゲーム数,AT枚数
1,268,0,0,0
2,61,0,0,0
3,148,0,81,232
4,46,0,89,262
5,52,0,98,282
6,502,0,0,0
7,752,0,222,649
8,269,0,0,0
9,752,0,102,300
10,752,0,582,1697
11,108,0,148,437
12,278,0,52,152
13,95,0,0,0
14,366,0,0,0
15,105,0,71,203
16,446,0,223,647
17,127,0,0,0
18,229,0,0,0
19,189,0,166,478
20,530,0,0,0
21,352,0,11,27
22,82,0,48,140
23,752,0,176,518
24,99,0,0,0
25,113,0,131,377
26,224,0,52,152
27,368,0,0,0
28,126,0,73,213
29,332,0,0,0
30,130,0,289,844
31,484,0,0,0
32,278,0,0,0
33,36,0,113,328
34,475,0,10,24
35,752,0,1452,4155
36,752,0,122,361
37,97,0,352,1032
38,646,0,1048,2969
39,343,0,111,323
40,291,0,338,992
41,53,0,268,778
42,418,0,169,487
43,551,0,0,0
44,45,0,134,380
45,114,0,0,0
46,752,0,81,242
47,224,0,15,39
48,493,0,0,0
49,236,0,46,133
50,132,0,120,350
51,623,0,272,790
52,752,0,84,251
53,694,0,361,1050
54,752,0,394,1161
55,385,0,0,0
56,444,0,89,261
57,631,0,120,353
58,154,0,18,50
59,372,0,87,255
60,752,0,259,753
61,65,0,632,1804
62,752,0,88,265
63,274,0,0,0
64,95,0,917,2635
65,752,0,144,426
66,148,0,85,251
67,198,0,85,245
68,752,0,116,345
69,133,0,149,426
70,528,0,0,0
71,135,0,62,176
72,742,0,19,52
73,96,0,145,429
74,233,0,0,0
75,470,0,86,254
76,168,0,0,0
77,97,0,0,0
78,83,0,0,0
79,332,0,42,117
80,177,0,108,314
81,140,0,66,195
82,64,0,0,0
83,141,0,563,1611
84,596,0,118,344
85,203,0,0,0
86,752,0,85,254
87,752,0,361,1058
88,98,0,0,0
89,109,0,144,416
90,47,0,0,0
91,250,0,378,1103
92,229,0,0,0
93,752,0,168,495
94,94,0,109,317
95,105,0,89,255
96,277,0,0,0
97,208,0,127,376
98,140,0,91,264
99,96,0,18,49
100,240,0,12,31
101,97,0,0,0
102,407,0,21,58
103,259,0,119,347
104,210,0,83,239
105,59,0,445,1295
106,182,0,87,256
107,488,0,0,0
108,34,0,39,113
109,409,0,0,0
110,311,0,539,1565
111,48,0,0,0
112,129,0,166,488
113,343,0,0,0
114,346,0,80,228
115,752,0,85,256
116,145,0,323,929
117,195,0,395,1153
118,96,0,87,252
119,97,0,106,302
120,752,0,158,464
121,67,0,0,0
122,95,0,222,645
123,93,0,20,54
124,135,0,305,875
125,99,0,82,237
126,481,0,1033,2967
127,279,0,0,0
128,662,0,288,835
129,266,0,48,140
130,117,0,0,0
131,373,0,0,0
132,441,0,90,259
133,603,0,0,0
134,97,0,0,0
135,752,0,196,571
136,53,0,335,973
137,225,0,0,0
138,690,0,0,0
139,225,0,56,163
140,530,0,47,136
141,179,0,0,0
142,83,0,95,274
143,259,0,87,256
144,371,0,0,0
145,752,0,107,316
146,253,0,415,1177
147,241,0,132,374
148,131,0,0,0
149,613,0,166,471
150,599,0,0,0
151,209,0,0,0
152,426,0,0,0
153,459,0,0,0
154,99,0,87,244
155,389,0,0,0
156,752,0,86,259
157,641,0,0,0
158,492,0,0,0
159,367,0,267,776
160,95,0,0,0
161,131,0,0,0
162,357,0,265,768
163,292,0,0,0
164,541,0,0,0
165,96,0,176,514
166,97,0,0,0
167,191,0,86,254
168,334,0,17,45
169,221,0,67,189
170,65,0,290,843
171,90,0,183,525
172,752,0,83,249
173,753,0,253,741
174,155,0,0,0
175,320,0,92,265
176,98,0,0,0
177,284,0,0,0
178,138,0,0,0
179,752,0,272,803
180,225,0,67,192
181,666,0,52,146
182,296,0,0,0
183,680,0,137,391
184,225,0,49,136
185,552,0,15,39
186,495,0,16,44
187,99,0,0,0
188,163,0,10,25
189,752,0,179,524
190,692,0,0,0
191,277,0,83,249
192,68,0,0,0
193,147,0,94,276
194,227,0,0,0
195,452,0,0,0
196,62,0,0,0
197,753,0,238,696
198,347,0,50,146
199,752,0,146,432
200,68,0,89,258
201,752,0,116,343
202,425,0,239,693
203,752,0,86,258
204,86,0,76,218
205,246,0,16,43
206,752,0,179,520
207,177,0,0,0
208,415,0,86,254
209,93,0,0,0
210,415,0,0,0
211,679,0,22,62
212,517,0,179,521
213,238,0,22,61
214,755,0,110,327
215,752,0,298,879
216,243,0,0,0
217,214,0,0,0
218,96,0,0,0
219,238,0,517,1502
220,752,0,1525,4386
221,235,0,361,1048
222,502,0,186,537
223,664,0,157,453
224,45,0,80,236
225,752,0,289,841
226,414,0,223,650
227,752,0,170,501
228,659,0,89,253
229,752,0,426,1255
230,247,0,0,0
231,151,0,170,490
232,95,0,0,0
233,152,0,0,0
234,752,0,348,1021
235,541,0,257,747
236,207,0,0,0
237,486,0,309,891
238,142,0,181,526
239,292,0,1563,4408
240,158,0,18,49
241,63,0,0,0
242,70,0,88,254
243,420,0,0,0
244,417,0,0,0
245,717,0,0,0
246,471,0,0,0
247,752,0,79,238
248,752,0,229,674
249,149,0,0,0
250,346,0,18,49
251,213,0,357,1043
252,248,0,0,0
253,726,0,120,236
254,752,0,143,425
255,625,0,0,0
256,81,0,327,960
257,95,0,55,160
258,225,0,92,261
259,383,0,89,262
260,210,0,0,0
261,32,0,0,0
262,463,0,0,0
263,632,0,198,578
264,243,0,117,337
265,180,0,74,218
266,74,0,0,0
267,99,0,86,254
268,623,0,179,523
269,96,0,83,238
270,89,0,237,696
271,202,0,83,248
272,88,0,169,481
273,386,0,0,0
274,777,0,0,0
275,70,0,0,0
276,284,0,0,0
277,188,0,17,45
278,284,0,149,434
279,92,0,141,408
280,152,0,52,147
281,67,0,0,0
282,493,0,168,488
283,423,0,0,0
284,35,0,50,144
285,534,0,17,45
286,334,0,94,266
287,262,0,0,0
288,752,0,171,501
289,99,0,137,398
290,80,0,270,796
291,447,0,17,47
292,97,0,186,543
293,82,0,54,158
294,149,0,127,367
295,148,0,106,309
296,184,0,88,265
297,96,0,0,0
298,511,0,23,64
299,165,0,477,1375
300,44,0,208,605
301,49,0,0,0
302,89,0,117,345
303,446,0,586,1696
304,87,0,118,344
305,66,0,247,720
306,109,0,49,138
307,147,0,2141,6106
308,697,0,0,0
309,314,0,124,362
310,624,0,1041,2958
311,160,0,120,343
312,700,0,70,200
313,754,0,292,851
314,327,0,0,0
315,52,0,22,60
316,234,0,145,422
317,752,0,178,528
318,76,0,19,52
319,485,0,85,245
320,138,0,71,203
321,165,0,15,39
322,755,0,292,859
323,413,0,0,0
324,415,0,0,0
325,75,0,15,40
326,548,0,84,247
327,611,0,0,0
328,754,0,1133,3221
329,91,0,86,254
330,98,0,0,0
331,452,0,190,546
332,341,0,361,1044
333,752,0,376,1099
334,316,0,0,0
335,320,0,0,0
336,262,0,0,0
337,97,0,83,239
338,53,0,1351,3820
339,672,0,0,0
340,96,0,347,1010
341,506,0,117,341
342,98,0,17,46
343,753,0,82,245
344,752,0,81,242
345,96,0,0,0
346,169,0,22,62
347,492,0,199,582
348,99,0,0,0
349,45,0,0,0
350,219,0,89,261
351,752,0,120,354
352,655,0,22,60
353,83,0,0,0
354,361,0,0,0
355,193,0,109,323
356,610,0,212,624
357,709,0,201,583
358,200,0,0,0
359,752,0,336,980
360,198,0,0,0
361,752,0,323,949
362,108,0,255,734
363,44,0,265,770
364,64,0,0,0
365,106,0,0,0
366,315,0,0,0
367,98,0,0,0
368,259,0,0,0
369,97,0,79,223
370,143,0,273,797
371,587,0,51,148
372,418,0,323,941
373,325,0,0,0
374,169,0,0,0
375,755,0,1593,4587
376,335,0,206,600
377,147,0,78,224
378,312,0,0,0
379,608,0,0,0
380,752,0,1211,3484
381,426,0,70,202
382,47,0,196,563
383,752,0,319,936
384,459,0,0,0
385,480,0,999,2889
386,752,0,172,508
387,81,0,488,1379
388,98,0,165,478
389,504,0,95,277
390,165,0,0,0
391,752,0,112,332
392,492,0,0,0
393,194,0,17,47
394,57,0,0,0
395,95,0,0,0
396,317,0,0,0
397,107,0,0,0
398,356,0,13,35
399,752,0,167,489
400,460,0,0,0
401,229,0,220,635
402,81,0,0,0
403,351,0,0,0
404,556,0,102,290
405,752,0,249,734
406,481,0,0,0
407,467,0,85,250
408,65,0,1655,4682
409,752,0,236,688
410,336,0,0,0
411,243,0,0,0
412,471,0,186,537
413,238,0,52,151
414,181,0,0,0
415,46,0,0,0
416,342,0,0,0
417,753,0,86,257
418,417,0,13,35
419,753,0,174,512
420,752,0,87,260
421,150,0,212,618
422,217,0,0,0
423,346,0,39,108
424,156,0,19,51
425,96,0,0,0
426,528,0,0,0
427,202,0,0,0
428,85,0,0,0
429,73,0,49,143
430,73,0,185,530
431,43,0,24,67
432,315,0,0,0
433,253,0,0,0
434,57,0,0,0
435,753,0,126,374
436,752,0,81,244
437,58,0,0,0
438,237,0,0,0
439,752,0,90,271
440,330,0,142,411
441,49,0,615,1782
442,83,0,180,525
443,252,0,0,0
444,752,0,266,781
445,244,0,0,0
446,74,0,0,0
447,752,0,121,358
448,173,0,384,1106
449,326,0,542,1566
450,375,0,558,1618
451,143,0,0,0
452,223,0,564,1606
453,649,0,84,241
454,436,0,207,599
455,669,0,0,0
456,33,0,70,199
457,752,0,1024,2939
458,690,0,55,159
459,97,0,0,0
460,319,0,375,1087
461,705,0,161,466
462,164,0,0,0
463,448,0,0,0
464,95,0,0,0
465,225,0,265,767
466,144,0,0,0
467,434,0,193,558
468,752,0,111,327
469,222,0,411,1195
470,465,0,26,74
471,226,0,0,0
472,95,0,0,0
473,99,0,0,0
474,95,0,224,652
475,582,0,192,558
476,169,0,102,292
477,78,0,255,738
478,292,0,82,236
479,73,0,173,499
480,226,0,22,62
481,64,0,42,121
482,96,0,356,1030
483,406,0,115,333
484,403,0,0,0
485,97,0,128,371
486,347,0,228,653
487,752,0,117,348
488,189,0,0,0
489,690,0,0,0
490,752,0,126,373
491,258,0,21,57
492,284,0,0,0
493,283,0,16,44
494,299,0,739,2095
495,304,0,20,54
496,168,0,205,594
497,197,0,142,412
498,392,0,0,0
499,313,0,157,462
500,217,0,52,151
501,752,0,302,886
502,134,0,0,0
503,337,0,837,2391
504,30,0,0,0
505,245,0,0,0
506,347,0,53,153
507,576,0,22,61
508,752,0,121,356
509,249,0,57,167
510,752,0,88,264
511,668,0,83,243
512,219,0,0,0
513,752,0,111,328
514,723,0,51,149
515,346,0,0,0
516,170,0,12,32
517,351,0,11,28
518,436,0,84,242
519,38,0,73,210
520,586,0,0,0
521,94,0,1215,3478
522,69,0,0,0
523,172,0,392,1137
524,284,0,1014,2914
525,95,0,0,0
526,491,0,2154,6134
527,699,0,259,758
528,379,0,22,60
529,96,0,354,1039
530,302,0,103,309
531,138,0,44,124
532,399,0,87,255
533,235,0,0,0
534,80,0,91,262
535,162,0,21,57
536,244,0,72,205
537,752,0,88,264
538,162,0,0,0
539,214,0,41,114
540,752,0,223,654
541,160,0,0,0
542,327,0,363,1055
543,150,0,54,158
544,389,0,0,0
545,753,0,87,260
546,651,0,120,347
547,735,0,110,246
548,407,0,21,59
549,98,0,144,418
550,89,0,1021,2940
551,324,0,88,253
552,179,0,0,0
553,40,0,171,497
554,410,0,126,363
555,98,0,0,0
556,176,0,130,375
557,533,0,0,0
558,308,0,203,587
559,156,0,339,976
560,753,0,190,558
561,309,0,141,403
562,191,0,83,237
563,165,0,0,0
564,53,0,363,1049
565,151,0,0,0
566,75,0,0,0
567,43,0,256,742
568,348,0,18,48
569,157,0,74,213
570,296,0,0,0
571,95,0,0,0
572,363,0,154,450
573,236,0,0,0
574,531,0,582,1687
575,319,0,0,0
576,351,0,0,0
577,294,0,573,1646
578,390,0,272,790
579,158,0,135,383
580,752,0,765,2212
581,400,0,22,61
582,310,0,236,682
583,323,0,71,203
584,418,0,0,0
585,142,0,115,329
586,97,0,0,0
587,544,0,56,162
588,99,0,54,158
589,700,0,0,0
590,521,0,265,764
591,752,0,347,1012
592,619,0,0,0
593,247,0,84,247
594,550,0,153,443
595,699,0,0,0
596,238,0,122,350
597,478,0,0,0
598,78,0,0,0
599,96,0,0,0
600,298,0,3045,8728
601,187,0,322,933
602,429,0,0,0
603,325,0,0,0
604,752,0,92,276
605,99,0,51,149
606,95,0,0,0
607,303,0,51,149
608,606,0,408,1183
609,97,0,0,0
610,350,0,152,442
611,281,0,0,0
612,752,0,241,707
613,752,0,178,524
614,318,0,0,0
615,41,0,0,0
616,95,0,86,249
617,192,0,134,388
618,394,0,0,0
619,752,0,82,246
620,36,0,0,0
621,541,0,67,191
622,46,0,0,0
623,361,0,15,40
624,654,0,306,882
625,752,0,85,256
626,146,0,0,0
627,597,0,26,74
628,98,0,104,301
629,98,0,146,419
630,105,0,24,66
631,391,0,207,604
632,98,0,113,329
633,93,0,0,0
634,138,0,113,328
635,753,0,151,441
636,752,0,82,246
637,106,0,79,226
638,39,0,0,0
639,241,0,0,0
640,533,0,0,0
641,616,0,77,223
642,58,0,0,0
643,107,0,55,159
644,338,0,64,181
645,225,0,702,1969
646,576,0,406,1185
647,752,0,266,784
648,111,0,18,49
649,94,0,0,0
650,443,0,266,766
651,297,0,20,55
652,385,0,0,0
653,193,0,19,52
654,691,0,0,0
655,110,0,0,0
656,292,0,13,35
657,577,0,0,0
658,200,0,212,613
659,339,0,113,329
660,142,0,18,48
661,238,0,1845,5282
662,98,0,212,621
663,399,0,12,31
664,344,0,0,0
665,95,0,18,50
666,108,0,0,0
667,38,0,102,290
668,216,0,110,320
669,472,0,309,891
670,752,0,178,524
671,65,0,158,453
672,404,0,0,0
673,319,0,169,488
674,108,0,43,124
675,752,0,79,237
676,40,0,2408,6963
677,185,0,0,0
678,263,0,300,867
679,65,0,15,40
680,752,0,80,239
681,754,0,120,353
682,99,0,19,52
683,617,0,0,0
684,236,0,2561,7317
685,96,0,192,565
686,33,0,114,333
687,253,0,70,202
688,133,0,0,0
689,237,0,165,468
690,752,0,132,390
691,99,0,116,336
692,139,0,104,300
693,579,0,137,396
694,177,0,0,0
695,305,0,83,238
696,208,0,0,0
697,243,0,59,167
698,408,0,21,57
699,73,0,0,0
700,24,0,48,140
701,753,0,153,452
702,76,0,250,724
703,752,0,208,619
704,752,0,88,264
705,99,0,0,0
706,448,0,0,0
707,753,0,88,265
708,127,0,259,759
709,69,0,1203,3493
710,53,0,0,0
711,673,0,136,392
712,42,0,42,116
713,146,0,0,0
714,199,0,23,63
715,233,0,82,237
716,96,0,0,0
717,208,0,123,353
718,329,0,57,161
719,754,0,284,847
720,592,0,0,0
721,769,0,75,224
722,602,0,180,525
723,516,0,0,0
724,72,0,0,0
725,752,0,90,271
726,141,0,85,244
727,99,0,0,0
728,41,0,120,350
729,107,0,0,0
730,57,0,79,231
731,94,0,83,237
732,95,0,95,270
733,94,0,9,23
734,98,0,84,248
735,752,0,169,496
736,172,0,10,25
737,339,0,127,361
738,35,0,40,110
739,97,0,0,0
740,753,0,259,758
741,49,0,305,893
742,538,0,54,158
743,240,0,17,47
744,539,0,0,0
745,392,0,0,0
746,403,0,378,1076
747,71,0,0,0
748,344,0,0,0
749,752,0,84,251
750,752,0,209,611
751,523,0,342,994
752,685,0,262,763
753,416,0,17,45
754,421,0,86,248
755,224,0,290,846
756,752,0,108,318
757,620,0,0,0
758,95,0,43,124
759,285,0,0,0
760,80,0,267,776
761,99,0,80,228
762,445,0,422,1212
763,752,0,142,420
764,69,0,0,0
765,97,0,21,59
766,186,0,1378,3941
767,543,0,0,0
768,753,0,85,256
769,752,0,82,246
770,129,0,0,0
771,80,0,0,0
772,338,0,0,0
773,108,0,0,0
774,555,0,38,105
775,270,0,0,0
776,168,0,473,1368
777,198,0,1809,5147
778,348,0,0,0
779,304,0,48,138
780,752,0,341,1003
781,753,0,203,601
782,242,0,0,0
783,753,0,80,239
784,82,0,0,0
785,83,0,0,0
786,752,0,361,1058
787,97,0,14,36
788,236,0,134,385
789,752,0,136,402
790,375,0,283,822
791,82,0,104,301
792,538,0,54,156
793,71,0,0,0
794,158,0,131,378
795,347,0,127,368
796,296,0,78,229
797,396,0,128,370
798,195,0,0,0
799,234,0,595,1707
800,175,0,112,320
801,99,0,0,0
802,753,0,946,2701
803,638,0,412,1195
804,132,0,76,223
805,407,0,0,0
806,446,0,8,20
807,177,0,0,0
808,692,0,0,0
809,742,0,390,1094
810,206,0,0,0
811,231,0,83,240
812,80,0,47,135
813,665,0,167,482
814,96,0,0,0
815,96,0,26,73
816,95,0,0,0
817,753,0,86,257
818,666,0,164,485
819,490,0,224,652
820,749,0,283,822
821,752,0,192,570
822,67,0,0,0
823,752,0,184,542
824,98,0,2565,7469
825,79,0,0,0
826,752,0,86,259
827,90,0,18,48
828,387,0,94,274
829,288,0,0,0
830,151,0,0,0
831,651,0,363,1057
832,99,0,0,0
833,239,0,124,354
834,48,0,0,0
835,278,0,0,0
836,287,0,12,32
837,97,0,90,256
838,254,0,0,0
839,752,0,492,1451
840,752,0,87,260
841,182,0,0,0
842,548,0,26,77
843,172,0,77,222
844,45,0,345,999
845,585,0,121,354
846,209,0,615,1797
847,97,0,169,488
848,95,0,0,0
849,453,0,0,0
850,419,0,0,0
851,584,0,59,172
852,291,0,20,54
853,155,0,76,220
854,74,0,0,0
855,242,0,53,154
856,256,0,1340,3838
857,753,0,181,532
858,752,0,86,257
859,418,0,81,233
860,332,0,0,0
861,161,0,0,0
862,150,0,0,0
863,440,0,0,0
864,37,0,0,0
865,143,0,0,0
866,110,0,282,808
867,97,0,0,0
868,71,0,83,234
869,752,0,286,840
870,83,0,0,0
871,224,0,113,331
872,96,0,89,262
873,95,0,14,38
874,752,0,83,249
875,337,0,52,151
876,136,0,85,254
877,601,0,0,0
878,156,0,79,232
879,36,0,37,100
880,647,0,0,0
881,68,0,0,0
882,108,0,0,0
883,752,0,176,517
884,63,0,56,162
885,183,0,163,470
886,287,0,547,1589
887,61,0,135,395
888,752,0,329,962
889,130,0,399,1150
890,98,0,0,0
891,337,0,0,0
892,752,0,120,354
893,441,0,0,0
894,527,0,44,122
895,143,0,15,39
896,73,0,517,1495
897,141,0,111,323
898,567,0,0,0
899,97,0,0,0
900,324,0,81,233
901,251,0,189,549
902,343,0,0,0
903,524,0,165,476
904,752,0,115,339
905,109,0,0,0
906,111,0,0,0
907,79,0,39,105
908,96,0,0,0
909,753,0,144,423
910,96,0,103,301
911,236,0,349,1013
912,78,0,78,222
913,752,0,82,246
914,75,0,158,459
915,95,0,0,0
916,99,0,80,231
917,77,0,269,776
918,95,0,83,240
919,97,0,158,456
920,96,0,406,1175
921,270,0,0,0
922,552,0,47,135
923,72,0,51,148
924,155,0,114,331
925,753,0,279,816
926,253,0,0,0
927,318,0,139,401
928,448,0,205,587
929,109,0,16,44
930,752,0,81,244
931,194,0,190,545
932,295,0,0,0
933,293,0,180,522
934,78,0,82,240
935,283,0,49,141
936,271,0,86,253
937,752,0,2275,6535
938,752,0,100,297
939,752,0,321,934
940,205,0,130,385
941,401,0,453,1317
942,752,0,343,1004
943,752,0,86,259
944,752,0,81,243
945,754,0,84,251
946,752,0,500,1459
947,522,0,18,49
948,95,0,0,0
949,593,0,0,0
950,756,0,84,251
951,241,0,0,0
952,432,0,0,0
953,58,0,586,1699
954,161,0,0,0
955,95,0,45,125
956,104,0,0,0
957,129,0,57,165
958,247,0,19,52
959,95,0,0,0
960,95,0,70,199
961,160,0,762,2178
962,243,0,0,0
963,752,0,79,238
964,752,0,776,2231
965,196,0,143,414
966,272,0,2131,6074
967,488,0,311,903
968,180,0,0,0
969,251,0,134,388
970,208,0,135,388
971,752,0,82,247
972,290,0,0,0
973,145,0,13,35
974,752,0,81,243
975,97,0,88,258
976,97,0,20,54
977,99,0,89,255
978,203,0,97,278
979,300,0,113,321
980,570,0,236,698
981,61,0,22,61
982,207,0,117,339
983,253,0,0,0
984,246,0,389,1139
985,676,0,0,0
986,274,0,0,0
987,254,0,314,914
988,221,0,167,487
989,547,0,285,826
990,575,0,0,0
991,269,0,85,249
992,423,0,0,0
993,753,0,82,247
994,71,0,0,0
995,96,0,480,1369
996,151,0,47,136
997,752,0,84,251
998,98,0,0,0
999,752,0,81,242
1000,236,0,0,0
1001,431,0,0,0
1002,151,0,542,1557
1003,741,0,139,403
1004,222,0,82,245
1005,161,0,0,0
1006,498,0,0,0
1007,288,0,87,255
1008,276,0,18,48
1009,491,0,335,970
1010,130,0,18,49
1011,198,0,0,0
1012,752,0,116,344
1013,92,0,0,0
1014,72,0,21,59
1015,752,0,138,404
1016,97,0,18,50
1017,126,0,0,0
1018,326,0,81,234
1019,96,0,0,0
1020,62,0,0,0
1021,95,0,1309,3771
1022,96,0,142,411
1023,418,0,0,0
1024,174,0,51,149
1025,106,0,0,0
1026,97,0,658,1862
1027,395,0,0,0
1028,752,0,1146,3288
1029,445,0,49,143
1030,99,0,0,0
1031,135,0,0,0
1032,285,0,125,359
1033,47,0,0,0
1034,95,0,121,353
1035,369,0,57,167
1036,752,0,86,258
1037,136,0,0,0
1038,43,0,0,0
1039,175,0,109,312
1040,752,0,1648,4765
1041,97,0,0,0
1042,237,0,0,0
1043,457,0,75,214
1044,85,0,0,0
1045,752,0,87,261
1046,66,0,0,0
1047,756,0,225,661
1048,105,0,13,34
1049,384,0,125,359
1050,752,0,101,299
1051,95,0,229,666
1052,278,0,0,0
1053,457,0,72,200
1054,752,0,157,459
1055,95,0,251,706
1056,246,0,148,427
1057,753,0,148,439
1058,627,0,0,0
1059,519,0,0,0
1060,362,0,864,2474
1061,589,0,0,0
1062,752,0,83,250
1063,243,0,120,350
1064,752,0,1196,3435
1065,315,0,0,0
1066,99,0,21,58
1067,35,0,73,207
1068,95,0,1521,4324
1069,340,0,84,246
1070,610,0,637,1822
1071,752,0,931,2685
1072,726,0,416,1210
1073,95,0,132,383
1074,442,0,81,232
1075,572,0,299,863
1076,224,0,0,0
1077,757,0,104,309
1078,160,0,0,0
1079,442,0,0,0
1080,324,0,52,150
1081,74,0,217,628
1082,547,0,0,0
1083,571,0,19,52
1084,34,0,194,558
1085,98,0,50,145
1086,752,0,209,611
1087,752,0,207,612
1088,95,0,81,237
1089,697,0,183,534
1090,108,0,0,0
1091,752,0,228,674
1092,752,0,215,628
1093,752,0,170,499
1094,352,0,0,0
1095,54,0,0,0
1096,231,0,83,244
1097,475,0,108,308
1098,81,0,47,136
1099,201,0,101,294
1100,79,0,59,166
1101,319,0,0,0
1102,48,0,532,1545
1103,361,0,0,0
1104,234,0,0,0
1105,188,0,11,27
1106,142,0,0,0
1107,293,0,0,0
1108,409,0,18,49
1109,752,0,661,1894
1110,306,0,0,0
1111,522,0,0,0
1112,99,0,93,262
1113,93,0,431,1256
1114,107,0,43,120
1115,119,0,0,0
1116,79,0,270,784
1117,757,0,155,457
1118,214,0,0,0
1119,192,0,286,822
1120,99,0,0,0
1121,225,0,231,665
1122,752,0,84,251
1123,256,0,142,405
1124,574,0,0,0
1125,53,0,0,0
1126,282,0,0,0
1127,431,0,16,44
1128,63,0,216,640
1129,569,0,84,251
1130,115,0,0,0
1131,244,0,368,1067
1132,590,0,0,0
1133,227,0,108,310
1134,98,0,176,504
1135,388,0,47,137
1136,459,0,0,0
1137,229,0,0,0
1138,752,0,292,856
1139,706,0,66,188
1140,446,0,1447,4110
1141,427,0,458,1334
1142,99,0,190,554
1143,752,0,110,324
1144,359,0,387,1116
1145,142,0,114,322
1146,219,0,48,140
1147,298,0,20,55
1148,467,0,29,78
1149,662,0,0,0
1150,61,0,0,0
1151,745,0,182,526
1152,98,0,12,30
1153,91,0,0,0
1154,63,0,17,47
1155,95,0,336,968
1156,152,0,0,0
1157,421,0,140,405
1158,59,0,1126,3191
1159,605,0,121,355
1160,752,0,131,389
1161,25,0,398,1160
1162,91,0,20,54
1163,43,0,722,2073
1164,44,0,84,246
1165,95,0,0,0
1166,96,0,931,2678
1167,715,0,384,1120
1168,272,0,0,0
1169,752,0,120,355
1170,505,0,84,244
1171,80,0,215,622
1172,63,0,0,0
1173,251,0,89,257
1174,417,0,120,350
1175,298,0,0,0
1176,752,0,86,258
1177,752,0,115,340
1178,752,0,82,246
1179,196,0,0,0
1180,92,0,0,0
1181,222,0,404,1176
1182,258,0,118,335
1183,146,0,166,478
1184,752,0,252,737
1185,147,0,1469,4199
1186,573,0,0,0
1187,42,0,0,0
1188,752,0,85,255
1189,401,0,144,418
1190,498,0,0,0
1191,47,0,0,0
1192,166,0,116,339
1193,324,0,16,44
1194,180,0,0,0
1195,95,0,14,36
1196,365,0,107,317
1197,752,0,81,243
1198,145,0,0,0
1199,246,0,83,238
1200,753,0,1250,3555
1201,576,0,351,1014
1202,732,0,373,1078
1203,223,0,0,0
1204,739,0,790,2229
1205,31,0,1290,3681
1206,136,0,0,0
1207,290,0,110,315
1208,295,0,115,335
1209,136,0,0,0
1210,354,0,113,331
1211,124,0,182,519
1212,368,0,0,0
1213,129,0,184,537
1214,140,0,0,0
1215,106,0,0,0
1216,556,0,0,0
1217,410,0,53,155
1218,289,0,15,40
1219,422,0,88,263
1220,54,0,179,518
1221,99,0,80,230
1222,129,0,76,217
1223,96,0,0,0
1224,351,0,187,549
1225,242,0,0,0
1226,98,0,112,328
1227,752,0,168,498
1228,97,0,65,185
1229,156,0,236,685
1230,622,0,2055,5877
1231,753,0,85,256
1232,639,0,74,214
1233,91,0,0,0
1234,753,0,193,571
1235,583,0,495,1442
1236,752,0,85,254
1237,754,0,111,327
1238,357,0,0,0
1239,106,0,0,0
1240,752,0,89,266
1241,668,0,54,157
1242,754,0,85,254
1243,96,0,171,500
1244,204,0,82,236
1245,430,0,219,629
1246,96,0,51,149
1247,635,0,0,0
1248,731,0,140,398
1249,35,0,0,0
1250,360,0,20,59
1251,289,0,0,0
1252,467,0,150,435
1253,95,0,86,250
1254,54,0,24,66
1255,200,0,0,0
1256,50,0,351,1019
1257,99,0,79,226
1258,155,0,172,497
1259,225,0,176,512
1260,672,0,0,0
1261,145,0,189,546
1262,97,0,0,0
1263,309,0,810,2314
1264,751,0,229,661
1265,318,0,0,0
1266,326,0,119,347
1267,408,0,0,0
1268,221,0,9,23
1269,78,0,121,351
1270,216,0,84,242
1271,359,0,1828,5231
1272,288,0,2028,5810
1273,636,0,169,487
1274,86,0,0,0
1275,284,0,0,0
1276,752,0,104,309
1277,269,0,117,341
1278,141,0,0,0
1279,95,0,23,64
1280,753,0,318,928
1281,252,0,0,0
1282,232,0,0,0
1283,340,0,357,1012
1284,353,0,17,46
1285,96,0,440,1282
1286,268,0,200,577
1287,95,0,0,0
1288,257,0,0,0
1289,95,0,106,309
1290,481,0,0,0
1291,752,0,106,313
1292,96,0,143,415
1293,73,0,86,250
1294,144,0,0,0
1295,98,0,81,237
1296,385,0,90,266
1297,752,0,101,299
1298,97,0,0,0
1299,62,0,97,276
1300,752,0,133,396
1301,233,0,47,137
1302,752,0,85,254
1303,752,0,145,426
1304,155,0,75,213
1305,753,0,83,250
1306,95,0,1826,5210
1307,277,0,0,0
1308,364,0,112,324
1309,314,0,0,0
1310,450,0,171,496
1311,384,0,164,471
1312,752,0,84,251
1313,433,0,0,0
1314,99,0,0,0
1315,99,0,14,38
1316,592,0,15,40
1317,721,0,28,78
1318,721,0,679,1923
1319,394,0,17,47
1320,497,0,0,0
1321,752,0,175,513
1322,429,0,270,782
1323,337,0,124,357
1324,95,0,50,145
1325,683,0,0,0
1326,752,0,118,349
1327,73,0,149,434
1328,340,0,198,574
1329,610,0,0,0
1330,708,0,156,445
1331,99,0,56,164
1332,67,0,88,259
1333,752,0,81,242
1334,236,0,0,0
1335,752,0,77,232
1336,238,0,0,0
1337,133,0,53,155
1338,95,0,52,145
1339,543,0,0,0
1340,55,0,19,53
1341,44,0,0,0
1342,483,0,0,0
1343,303,0,113,331
1344,350,0,85,245
1345,336,0,144,419
1346,483,0,142,412
1347,97,0,106,303
1348,98,0,18,49
1349,211,0,91,267
1350,105,0,0,0
1351,144,0,0,0
1352,753,0,92,275
1353,95,0,76,217
1354,250,0,0,0
1355,752,0,112,331
1356,209,0,52,152
1357,207,0,148,436
1358,49,0,116,340
1359,141,0,0,0
1360,767,0,90,271
1361,165,0,0,0
1362,752,0,884,2512
1363,233,0,248,729
1364,47,0,159,461
1365,273,0,107,313
1366,102,0,68,193
1367,83,0,55,161
1368,49,0,21,59
1369,372,0,23,65
1370,346,0,215,621
1371,202,0,0,0
1372,306,0,16,43
1373,752,0,90,269
1374,180,0,0,0
1375,145,0,0,0
1376,94,0,86,259
1377,173,0,304,881
1378,98,0,343,984
1379,753,0,92,277
1380,752,0,288,841
1381,589,0,0,0
1382,540,0,200,586
1383,36,0,0,0
1384,752,0,115,340
1385,445,0,16,43
1386,78,0,20,55
1387,752,0,86,257
1388,353,0,0,0
1389,280,0,80,228
1390,752,0,129,377
1391,414,0,0,0
1392,752,0,149,443
1393,575,0,0,0
1394,752,0,83,250
1395,330,0,0,0
1396,95,0,448,1292
1397,752,0,143,425
1398,109,0,0,0
1399,304,0,17,47
1400,583,0,211,611
1401,299,0,0,0
1402,234,0,275,802
1403,268,0,241,701
1404,557,0,89,262
1405,96,0,17,47
1406,203,0,0,0
1407,52,0,466,1353
1408,221,0,0,0
1409,98,0,395,1143
1410,371,0,182,524
1411,283,0,429,1245
1412,340,0,0,0
1413,96,0,145,419
1414,234,0,0,0
1415,38,0,633,1813
1416,565,0,0,0
1417,560,0,594,1707
1418,752,0,109,322
1419,99,0,143,411
1420,232,0,160,459
1421,300,0,78,224
1422,218,0,0,0
1423,233,0,87,250
1424,247,0,0,0
1425,565,0,0,0
1426,99,0,209,604
1427,60,0,126,357
1428,416,0,0,0
1429,753,0,367,1083
1430,95,0,0,0
1431,507,0,0,0
1432,182,0,0,0
1433,96,0,0,0
1434,193,0,314,918
1435,220,0,0,0
1436,99,0,0,0
1437,279,0,0,0
1438,225,0,0,0
1439,429,0,86,250
1440,370,0,0,0
1441,69,0,457,1295
1442,752,0,89,268
1443,752,0,157,464
1444,301,0,0,0
1445,452,0,0,0
1446,223,0,12,32
1447,138,0,68,195
1448,753,0,84,253
1449,752,0,211,623
1450,752,0,89,267
1451,752,0,149,442
1452,45,0,53,155
1453,752,0,81,243
1454,314,0,0,0
1455,187,0,117,335
1456,54,0,993,2835
1457,323,0,269,787
1458,65,0,552,1598
1459,59,0,0,0
1460,209,0,287,833
1461,172,0,0,0
1462,752,0,88,263
1463,598,0,311,903
1464,99,0,163,476
1465,225,0,111,325
1466,389,0,0,0
1467,247,0,90,255
1468,529,0,0,0
1469,147,0,0,0
1470,352,0,13,34
1471,297,0,111,322
1472,610,0,0,0
1473,97,0,0,0
1474,42,0,14,37
1475,97,0,79,229
1476,43,0,184,525
1477,480,0,82,246
1478,752,0,475,1381
1479,141,0,80,236
1480,268,0,77,221
1481,244,0,275,797
1482,411,0,116,339
1483,93,0,256,741
1484,303,0,139,404
1485,445,0,589,1713
1486,752,0,82,246
1487,97,0,51,142
1488,263,0,54,157
1489,106,0,293,850
1490,127,0,83,250
1491,753,0,178,530
1492,42,0,0,0
1493,752,0,85,255
1494,89,0,15,39
1495,154,0,13,35
1496,752,0,219,648
1497,98,0,190,542
1498,83,0,72,207
1499,663,0,1669,4830
1500,230,0,221,644
1501,589,0,148,427
1502,138,0,0,0
1503,206,0,0,0
1504,515,0,250,722
1505,175,0,235,678
1506,78,0,11,28
1507,283,0,0,0
1508,253,0,74,212
1509,752,0,83,250
1510,752,0,132,390
1511,67,0,0,0
1512,174,0,0,0
1513,693,0,131,379
1514,19,0,82,236
1515,24,0,199,573
1516,351,0,84,253
1517,308,0,0,0
1518,82,0,21,57
1519,419,0,202,582
1520,365,0,20,55
1521,705,0,19,47
1522,230,0,0,0
1523,244,0,0,0
1524,541,0,0,0
1525,84,0,118,343
1526,641,0,721,2072
1527,49,0,1514,4346
1528,229,0,86,254
1529,96,0,50,146
1530,274,0,0,0
1531,275,0,107,311
1532,273,0,74,210
1533,576,0,0,0
1534,96,0,0,0
1535,753,0,118,345
1536,573,0,0,0
1537,546,0,12,32
1538,210,0,51,149
1539,256,0,78,226
1540,752,0,1338,3803
1541,752,0,341,993
1542,169,0,0,0
1543,199,0,0,0
1544,384,0,0,0
1545,241,0,50,142
1546,665,0,136,392
1547,89,0,11,28
1548,754,0,158,462
1549,250,0,200,580
1550,264,0,119,343
1551,752,0,151,449
1552,148,0,0,0
1553,752,0,589,1732
1554,752,0,91,272
1555,419,0,83,239
1556,98,0,20,55
1557,516,0,0,0
1558,97,0,134,385
1559,752,0,171,502
1560,131,0,0,0
1561,89,0,0,0
1562,752,0,1743,4997
1563,532,0,0,0
1564,461,0,0,0
1565,99,0,19,53
1566,97,0,107,307
1567,206,0,83,244
1568,408,0,0,0
1569,97,0,85,244
1570,109,0,20,54
1571,47,0,68,194
1572,752,0,146,428
1573,53,0,18,49
1574,752,0,87,262
1575,218,0,0,0
1576,752,0,82,247
1577,105,0,0,0
1578,327,0,18,49
1579,83,0,0,0
1580,45,0,0,0
1581,660,0,19,52
1582,272,0,16,42
1583,180,0,20,56
1584,239,0,0,0
1585,277,0,885,2548
1586,222,0,0,0
1587,282,0,102,296
1588,56,0,0,0
1589,256,0,185,539
1590,92,0,16,43
1591,287,0,0,0
1592,252,0,0,0
1593,392,0,0,0
1594,541,0,74,223
1595,255,0,251,729
1596,184,0,208,603
1597,247,0,211,612
1598,335,0,0,0
1599,538,0,0,0
1600,305,0,86,258
1601,249,0,0,0
1602,752,0,82,245
1603,104,0,17,45
1604,553,0,97,276
1605,441,0,0,0
1606,453,0,223,647
1607,97,0,0,0
1608,186,0,0,0
1609,48,0,0,0
1610,67,0,0,0
1611,313,0,0,0
1612,128,0,217,620
1613,243,0,120,348
1614,637,0,83,238
1615,204,0,80,229
1616,752,0,399,1169
1617,241,0,0,0
1618,298,0,223,649
1619,698,0,84,253
1620,627,0,122,354
1621,581,0,11,29
1622,644,0,63,179
1623,752,0,82,245
1624,491,0,83,238
1625,247,0,371,1081
1626,187,0,0,0
1627,752,0,80,241
1628,50,0,313,907
1629,106,0,81,235
1630,569,0,0,0
1631,109,0,41,119
1632,657,0,0,0
1633,48,0,88,260
1634,557,0,0,0
1635,159,0,0,0
1636,603,0,82,240
1637,251,0,164,477
1638,263,0,17,47
1639,293,0,0,0
1640,237,0,0,0
1641,752,0,303,893
1642,752,0,117,347
1643,271,0,146,422
1644,752,0,79,237
1645,749,0,186,530
1646,87,0,0,0
1647,752,0,122,359
1648,253,0,88,258
1649,51,0,0,0
1650,96,0,66,188
1651,421,0,54,158
1652,66,0,0,0
1653,323,0,0,0
1654,220,0,23,65
1655,106,0,75,214
1656,340,0,93,262
1657,174,0,0,0
1658,312,0,0,0
1659,95,0,0,0
1660,408,0,280,794
1661,752,0,197,581
1662,754,0,84,251
1663,752,0,288,838
1664,752,0,518,1494
1665,51,0,0,0
1666,356,0,0,0
1667,246,0,59,171
1668,353,0,105,306
1669,147,0,401,1165
1670,316,0,0,0
1671,140,0,0,0
1672,48,0,180,521
1673,752,0,795,2268
1674,128,0,288,835
1675,298,0,0,0
1676,324,0,0,0
1677,98,0,278,805
1678,202,0,125,359
1679,181,0,104,303
1680,236,0,85,244
1681,631,0,187,536
1682,95,0,136,392
1683,99,0,0,0
1684,95,0,0,0
1685,756,0,212,623
1686,308,0,76,218
1687,752,0,1102,3165
1688,95,0,0,0
1689,604,0,264,771
1690,93,0,131,378
1691,173,0,0,0
1692,77,0,85,244
1693,46,0,313,911
1694,406,0,193,558
1695,166,0,0,0
1696,106,0,18,50
1697,98,0,205,595
1698,754,0,342,1006
1699,752,0,94,277
1700,257,0,117,342
1701,357,0,0,0
1702,275,0,48,139
1703,216,0,0,0
1704,327,0,0,0
1705,218,0,85,246
1706,248,0,47,135
1707,95,0,16,43
1708,96,0,0,0
1709,115,0,46,133
1710,138,0,21,58
1711,207,0,0,0
1712,473,0,147,425
1713,354,0,0,0
1714,474,0,0,0
1715,179,0,0,0
1716,171,0,82,246
1717,83,0,0,0
1718,367,0,72,215
1719,488,0,118,345
1720,244,0,202,579
1721,237,0,0,0
1722,752,0,1314,3819
1723,602,0,136,393
1724,230,0,0,0
1725,237,0,385,1117
1726,385,0,2263,6562
1727,403,0,1356,3952
1728,240,0,483,1399
1729,557,0,0,0
1730,246,0,83,238
1731,753,0,1250,3555
1732,576,0,351,1014
1733,732,0,373,1078
1734,223,0,0,0
1735,739,0,790,2229
1736,31,0,1290,3681
1737,136,0,0,0
1738,290,0,110,315
1739,295,0,115,335
1740,136,0,0,0
1741,354,0,113,331
1742,124,0,182,519
1743,368,0,0,0
1744,129,0,184,537
1745,140,0,0,0
1746,106,0,0,0
1747,556,0,0,0
1748,410,0,53,155
1749,289,0,15,40
1750,422,0,88,263
1751,54,0,179,518
1752,99,0,80,230
1753,129,0,76,217
1754,96,0,0,0
1755,351,0,187,549
1756,242,0,0,0
1757,98,0,112,328
1758,752,0,168,498
1759,97,0,65,185
1760,156,0,236,685
1761,622,0,2055,5877
1762,753,0,85,256
1763,639,0,74,214
1764,91,0,0,0
1765,753,0,193,571
1766,583,0,495,1442
1767,752,0,85,254
1768,754,0,111,327
1769,357,0,0,0
1770,133,0,0,0
1771,752,0,339,991
1772,165,0,1723,4931
1773,54,0,113,322
1774,70,0,143,415
1775,49,0,224,644
1776,179,0,20,56
1777,161,0,50,145
1778,367,0,21,59
1779,84,0,362,1045
1780,83,0,90,256
1781,98,0,86,252
1782,228,0,0,0
1783,141,0,80,229
1784,95,0,0,0
1785,100,0,0,0
1786,752,0,104,306
1787,108,0,113,327
1788,186,0,275,800
1789,126,0,478,1381
1790,89,0,0,0
1791,98,0,57,166
1792,85,0,0,0
1793,556,0,153,443
1794,50,0,138,397
1795,754,0,82,246
1796,175,0,718,2063
1797,96,0,0,0
1798,95,0,405,1183
1799,162,0,53,153
1800,625,0,0,0
1801,567,0,0,0
1802,347,0,20,54
1803,489,0,115,335
1804,39,0,206,597
1805,73,0,0,0
1806,373,0,87,261
1807,105,0,52,150
1808,293,0,1078,3125
1809,752,0,81,243
1810,630,0,112,324
1811,183,0,20,56
1812,313,0,0,0
1813,218,0,14,38
1814,99,0,113,328
1815,636,0,232,676
1816,244,0,0,0
1817,752,0,80,240
1818,752,0,84,251
1819,179,0,912,2623
1820,619,0,0,0
1821,485,0,0,0
1822,752,0,161,481
1823,141,0,0,0
1824,754,0,102,303
1825,752,0,85,254
1826,631,0,80,231
1827,175,0,0,0
1828,551,0,431,1248
1829,89,0,276,799
1830,753,0,78,235
1831,136,0,54,158
1832,94,0,1048,3017
1833,97,0,137,401
1834,293,0,159,463
1835,110,0,140,409
1836,235,0,0,0
1837,337,0,22,60
1838,110,0,0,0
1839,39,0,0,0
1840,73,0,0,0
1841,78,0,0,0
1842,684,0,0,0
1843,222,0,0,0
1844,97,0,96,273
1845,131,0,215,624
1846,92,0,79,231
1847,579,0,0,0
1848,541,0,156,453
1849,654,0,108,314
1850,98,0,18,49
1851,187,0,0,0
1852,272,0,83,250
1853,129,0,19,57
1854,99,0,281,812
1855,753,0,180,528
1856,96,0,19,53
1857,48,0,80,230
1858,147,0,79,230
1859,264,0,0,0
1860,96,0,13,35
1861,729,0,1280,3732
1862,301,0,0,0
1863,295,0,303,876
1864,31,0,0,0
1865,53,0,148,433
1866,752,0,230,680
1867,194,0,0,0
1868,154,0,0,0
1869,425,0,0,0
1870,33,0,136,392
1871,194,0,0,0
1872,247,0,0,0
1873,96,0,991,2841
1874,229,0,397,1158
1875,243,0,0,0
1876,753,0,91,273
1877,140,0,0,0
1878,307,0,208,610
1879,86,0,154,449
1880,130,0,56,163
1881,272,0,55,160
1882,69,0,135,390
1883,159,0,134,388
1884,52,0,596,1745
1885,658,0,0,0
1886,752,0,382,1118
1887,148,0,0,0
1888,613,0,0,0
1889,335,0,117,336
1890,755,0,106,312
1891,755,0,191,561
1892,97,0,881,2536
1893,753,0,157,467
1894,752,0,84,252
1895,295,0,326,970
1896,477,0,84,241
1897,83,0,0,0
1898,132,0,91,274
1899,752,0,199,591
1900,39,0,84,241
1901,752,0,468,1377
1902,306,0,75,221
1903,273,0,0,0
1904,752,0,79,236
1905,82,0,0,0
1906,296,0,962,2787
1907,97,0,16,42
1908,106,0,93,267
1909,517,0,428,1241
1910,98,0,300,867
1911,239,0,354,1030
1912,230,0,92,258
1913,96,0,60,179
1914,97,0,994,2884
1915,752,0,83,248
1916,540,0,111,321
1917,473,0,54,157
1918,201,0,0,0
1919,87,0,126,372
1920,725,0,109,200
1921,752,0,184,539
1922,342,0,0,0
1923,754,0,140,416
1924,90,0,276,807
1925,236,0,117,339
1926,226,0,0,0
1927,409,0,0,0
1928,628,0,50,145
1929,292,0,282,813
1930,156,0,83,243
1931,521,0,99,281
1932,752,0,85,256
1933,77,0,104,300
1934,228,0,180,520
1935,216,0,140,408
1936,343,0,0,0
1937,99,0,84,247
1938,110,0,0,0
1939,315,0,0,0
1940,188,0,78,224
1941,38,0,0,0
1942,379,0,116,338
1943,752,0,121,359
1944,181,0,18,48
1945,97,0,0,0
1946,391,0,0,0
1947,424,0,0,0
1948,335,0,15,39
1949,284,0,0,0
1950,752,0,625,1834
1951,335,0,0,0
1952,213,0,207,600
1953,752,0,83,250
1954,232,0,667,1912
1955,105,0,94,266
1956,388,0,0,0
1957,499,0,16,42
1958,204,0,0,0
1959,433,0,140,407
1960,83,0,0,0
1961,493,0,0,0
1962,752,0,211,624
1963,241,0,73,210
1964,79,0,109,317
1965,241,0,287,823
1966,754,0,181,533
1967,98,0,0,0
1968,106,0,0,0
1969,292,0,355,1029
1970,315,0,1302,3711
1971,561,0,0,0
1972,235,0,52,146
1973,148,0,102,302
1974,96,0,350,1020
1975,56,0,46,134
1976,752,0,247,720
1977,65,0,0,0
1978,38,0,0,0
1979,96,0,88,259
1980,246,0,55,159
1981,492,0,240,691
1982,365,0,90,266
1983,753,0,200,569
1984,533,0,0,0
1985,371,0,25,69
1986,748,0,186,542
1987,105,0,0,0
1988,139,0,80,226
1989,436,0,0,0
1990,138,0,0,0
1991,753,0,519,1514
1992,91,0,25,71
1993,56,0,13,33
1994,252,0,14,37
1995,108,0,0,0
1996,196,0,121,352
1997,752,0,87,262
1998,161,0,0,0
1999,280,0,200,591
2000,752,0,223,654
2001,161,0,317,924
2002,310,0,0,0
2003,221,0,170,496
2004,752,0,85,256
2005,752,0,81,244
2006,178,0,82,242
2007,131,0,74,212
2008,99,0,87,257
2009,268,0,107,312
2010,177,0,265,766
2011,752,0,93,279
2012,776,0,45,129
2013,752,0,178,525
2014,106,0,0,0
2015,47,0,124,356
2016,752,0,114,337
2017,97,0,348,1007
2018,83,0,255,735
2019,80,0,91,267
2020,47,0,112,325
2021,404,0,0,0
2022,660,0,0,0
2023,752,0,348,1026
2024,337,0,191,553
2025,96,0,426,1231
2026,591,0,0,0
2027,407,0,106,308
2028,296,0,157,460
2029,752,0,200,588
2030,138,0,323,945
2031,232,0,166,482
2032,167,0,0,0
2033,195,0,0,0
2034,507,0,136,387
2035,73,0,78,222
2036,752,0,86,259
2037,153,0,266,772
2038,195,0,0,0
2039,507,0,136,387
2040,752,0,86,259
2041,153,0,266,772
2042,445,0,22,61
2043,242,0,86,254
2044,193,0,53,150
2045,398,0,0,0
2046,752,0,338,998
2047,191,0,188,545
2048,66,0,118,344
2049,177,0,111,328
2050,99,0,137,397
2051,390,0,197,571
2052,607,0,0,0
2053,96,0,24,68
2054,546,0,399,1157
2055,370,0,214,618
2056,623,0,0,0
2057,307,0,0,0
2058,98,0,0,0
2059,752,0,164,482
2060,547,0,421,1223
2061,253,0,675,1900
2062,378,0,88,253
2063,98,0,437,1272
2064,32,0,131,378
2065,752,0,76,229
2066,507,0,88,249
2067,752,0,176,518
2068,752,0,163,480
2069,495,0,259,747
2070,752,0,282,822
2071,253,0,134,392
2072,200,0,177,519
2073,370,0,292,848
2074,727,0,126,365
2075,109,0,76,218
2076,213,0,194,568
2077,179,0,78,235
2078,752,0,352,1027
2079,236,0,51,149
2080,453,0,344,989
2081,289,0,49,142
2082,522,0,74,212
2083,244,0,0,0
2084,681,0,217,620
2085,752,0,179,528
2086,439,0,342,998
2087,626,0,0,0
2088,580,0,783,2235
2089,149,0,133,388
2090,50,0,265,774
2091,667,0,48,135
2092,752,0,336,984
2093,743,0,110,321
2094,96,0,307,895
2095,97,0,217,628
2096,156,0,123,360
2097,190,0,91,268
2098,302,0,262,761
2099,97,0,255,746
2100,752,0,221,652
2101,417,0,121,353
2102,273,0,109,311
2103,281,0,0,0
2104,752,0,87,261
2105,234,0,0,0
2106,62,0,0,0
2107,221,0,0,0
2108,1,0,19,57
2109,413,0,0,0
2110,224,0,421,1224
2111,573,0,1053,3016
2112,171,0,105,300
2113,352,0,0,0
2114,51,0,0,0
2115,304,0,0,0
2116,641,0,231,675
2117,60,0,0,0
2118,319,0,0,0
2119,208,0,19,53
2120,711,0,171,495
2121,324,0,148,427
2122,134,0,144,416
2123,57,0,0,0
2124,753,0,134,396
2125,208,0,0,0
2126,691,0,41,112
2127,414,0,106,304
2128,219,0,138,398
2129,77,0,0,0
2130,752,0,82,246
2131,97,0,0,0
2132,753,0,331,978
2133,30,0,160,463
2134,146,0,0,0
2135,216,0,54,158
2136,237,0,0,0
2137,99,0,0,0
2138,96,0,0,0
2139,753,0,275,810
2140,177,0,171,500
2141,425,0,92,261
2142,97,0,454,1317
2143,537,0,239,696
2144,423,0,0,0
2145,329,0,185,533
2146,753,0,349,1019
2147,136,0,0,0
2148,752,0,155,460
2149,47,0,0,0
2150,714,0,0,0
2151,80,0,17,47
2152,410,0,87,253
2153,752,0,88,263
2154,275,0,0,0
2155,152,0,0,0
2156,45,0,48,140
2157,109,0,0,0
2158,752,0,177,520
2159,150,0,0,0
2160,517,0,19,52
2161,107,0,19,52
2162,305,0,0,0
2163,209,0,0,0
2164,229,0,93,273
2165,194,0,0,0
2166,229,0,0,0
2167,431,0,105,306
2168,538,0,0,0
2169,648,0,0,0
2170,109,0,15,39
2171,756,0,87,260
2172,77,0,0,0
2173,662,0,0,0
2174,36,0,0,0
2175,106,0,204,584
2176,84,0,207,609
2177,323,0,110,320
2178,752,0,183,538
2179,533,0,1069,3056
2180,410,0,243,707
2181,752,0,148,434
2182,383,0,99,280
2183,269,0,157,456
2184,98,0,0,0
2185,143,0,0,0
2186,83,0,0,0
2187,395,0,227,669
2188,235,0,221,649
2189,431,0,0,0
2190,752,0,139,411
2191,98,0,9,23
2192,752,0,84,253
2193,95,0,0,0
2194,716,0,0,0
2195,753,0,215,635
2196,46,0,190,550
2197,672,0,244,706
2198,106,0,86,246
2199,752,0,735,2122
2200,278,0,58,169
2201,157,0,19,52
2202,236,0,16,44
2203,158,0,21,57
2204,308,0,140,406
2205,466,0,0,0
2206,510,0,0,0
2207,476,0,0,0
2208,752,0,118,348
2209,97,0,108,306
2210,203,0,19,52
2211,620,0,80,231
2212,531,0,0,0
2213,39,0,440,1282
2214,235,0,603,1756
2215,97,0,75,212
2216,81,0,606,1746
2217,208,0,381,1106
2218,112,0,21,59
2219,50,0,79,226
2220,752,0,110,326
2221,298,0,120,348
2222,95,0,0,0
2223,80,0,236,692
2224,63,0,89,258
2225,752,0,152,447
2226,752,0,84,251
2227,389,0,284,823
2228,111,0,237,677
2229,84,0,90,266
2230,406,0,87,255
2231,451,0,53,154
2232,628,0,0,0
2233,77,0,0,0
2234,170,0,0,0
2235,291,0,0,0
2236,541,0,87,257
2237,426,0,85,245
2238,730,0,204,592
2239,448,0,86,250
2240,666,0,0,0
2241,86,0,340,984
2242,752,0,193,568
2243,751,0,233,687
2244,752,0,82,246
2245,676,0,0,0
2246,604,0,19,53
2247,507,0,1068,3034
2248,597,0,141,414
2249,752,0,245,720
2250,246,0,442,1288
2251,752,0,79,237
2252,752,0,282,833
2253,552,0,78,224
2254,176,0,86,247
2255,303,0,111,324
2256,587,0,0,0
2257,284,0,0,0
2258,217,0,538,1573
2259,231,0,141,411
2260,752,0,89,268
2261,99,0,0,0
2262,270,0,240,701
2263,752,0,80,241
2264,97,0,88,253
2265,134,0,140,405
2266,142,0,0,0
2267,291,0,0,0
2268,212,0,0,0
2269,305,0,127,375
2270,619,0,111,317
2271,614,0,229,660
2272,237,0,0,0
2273,54,0,728,2073
2274,752,0,83,250
2275,752,0,88,264
2276,272,0,15,39
2277,752,0,260,757
2278,94,0,204,591
2279,95,0,1696,4864
2280,40,0,0,0
2281,98,0,1192,3402
2282,226,0,397,1152
2283,36,0,0,0
2284,73,0,40,114
2285,205,0,113,328
2286,142,0,55,159
2287,284,0,72,207
2288,349,0,86,253
2289,217,0,67,192
2290,702,0,67,192
2291,535,0,1255,3634
2292,223,0,172,502
2293,63,0,0,0
2294,460,0,536,1507
2295,752,0,1277,3630
2296,752,0,849,2440
2297,267,0,0,0
2298,595,0,0,0
2299,88,0,146,421
2300,96,0,58,168
2301,436,0,0,0
2302,347,0,0,0
2303,98,0,0,0
2304,353,0,0,0
2305,144,0,474,1381
2306,522,0,297,863
2307,341,0,92,272
2308,423,0,21,58
2309,434,0,88,259
2310,353,0,392,1138
2311,95,0,0,0
2312,421,0,104,301
2313,190,0,0,0
2314,129,0,0,0
2315,753,0,83,248
2316,583,0,0,0
2317,303,0,0,0
2318,394,0,90,264
2319,752,0,766,2260
2320,596,0,0,0
2321,752,0,1904,5456
2322,95,0,0,0
2323,682,0,49,138
2324,239,0,89,256
2325,79,0,89,262
2326,233,0,15,40
2327,341,0,0,0
2328,136,0,84,240
2329,37,0,873,2518
2330,232,0,0,0
2331,476,0,19,53
2332,753,0,83,249
2333,753,0,238,700
2334,95,0,0,0
2335,109,0,0,0
2336,85,0,223,648
2337,752,0,153,453
2338,480,0,73,211
2339,332,0,0,0
2340,601,0,211,618
2341,499,0,281,800
2342,594,0,0,0
2343,149,0,0,0
2344,544,0,0,0
2345,647,0,162,466
2346,304,0,244,712
2347,678,0,0,0
2348,98,0,144,421
2349,187,0,0,0
2350,237,0,246,722
2351,752,0,86,257
2352,219,0,17,45
2353,96,0,20,55
2354,752,0,85,256
2355,99,0,0,0
2356,215,0,117,341
2357,753,0,87,261
2358,225,0,0,0
2359,359,0,56,156
2360,455,0,1259,3625
2361,752,0,87,260
2362,198,0,417,1211
2363,522,0,114,333
2364,222,0,0,0
2365,128,0,17,47
2366,291,0,118,339
2367,291,0,0,0
2368,159,0,0,0
2369,96,0,204,588
2370,594,0,257,743
2371,181,0,119,347
2372,52,0,888,2556
2373,134,0,0,0
2374,98,0,129,382
2375,97,0,0,0
2376,227,0,325,944
2377,125,0,0,0
2378,94,0,46,126
2379,542,0,122,352
2380,43,0,0,0
2381,193,0,84,243
2382,129,0,0,0
2383,127,0,0,0
2384,140,0,0,0
2385,80,0,410,1195
2386,752,0,87,260
2387,140,0,909,2604
2388,528,0,108,314
2389,187,0,0,0
2390,146,0,0,0
2391,97,0,0,0
2392,157,0,0,0
2393,298,0,52,145
2394,292,0,145,419
2395,752,0,83,249
2396,599,0,86,253
2397,580,0,0,0
2398,236,0,0,0
2399,242,0,109,310
2400,249,0,81,234
2401,151,0,0,0
2402,752,0,270,796
2403,752,0,320,942
2404,752,0,79,236
2405,752,0,87,262
2406,97,0,0,0
2407,175,0,1089,3124
2408,92,0,468,1364
2409,147,0,138,391
2410,97,0,0,0
2411,718,0,54,153
2412,752,0,232,672
2413,94,0,50,142
2414,96,0,287,830
2415,476,0,88,259
2416,482,0,0,0
2417,752,0,356,1039
2418,752,0,79,238
2419,51,0,145,425
2420,242,0,374,1087
2421,129,0,0,0
2422,70,0,53,155
2423,107,0,89,259
2424,95,0,0,0
2425,342,0,0,0
2426,752,0,104,309
2427,72,0,68,195
2428,201,0,173,511
2429,446,0,630,1836
2430,64,0,268,786
2431,63,0,280,814
2432,752,0,112,332
2433,200,0,364,1048
2434,44,0,0,0
2435,95,0,207,598
2436,310,0,89,257
2437,358,0,19,53
2438,455,0,92,262
2439,333,0,0,0
2440,212,0,0,0
2441,296,0,343,1001
2442,226,0,123,356
2443,752,0,104,306
2444,246,0,84,248
2445,462,0,208,609
2446,70,0,339,986
2447,677,0,83,244
2448,7,0,55,160
2449,752,0,86,259
2450,173,0,141,402
2451,70,0,36,104
2452,753,0,82,247
2453,147,0,0,0
2454,46,0,144,418
2455,752,0,82,247
2456,297,0,535,1556
2457,239,0,1646,4738
2458,193,0,0,0
2459,215,0,106,314
2460,98,0,0,0
2461,620,0,0,0
2462,496,0,0,0
2463,409,0,0,0
2464,182,0,0,0
2465,355,0,165,477
2466,752,0,340,995
2467,232,0,0,0
2468,653,0,0,0
2469,634,0,0,0
2470,249,0,0,0
2471,60,0,107,305
2472,33,0,0,0
2473,145,0,0,0
2474,169,0,278,809
2475,614,0,67,196
2476,753,0,306,893
2477,231,0,0,0
2478,61,0,20,56
2479,341,0,0,0
2480,96,0,0,0
2481,45,0,1408,4013
2482,336,0,0,0
2483,163,0,194,566
2484,64,0,181,523
2485,72,0,0,0
2486,618,0,0,0
2487,107,0,49,141
2488,90,0,115,336
2489,152,0,0,0
2490,96,0,293,846
2491,108,0,167,486
2492,95,0,0,0
2493,94,0,546,1574
2494,752,0,871,2490
2495,752,0,91,272
2496,129,0,0,0
2497,470,0,199,581
2498,358,0,0,0
2499,227,0,0,0
2500,402,0,51,149
2501,267,0,0,0
2502,96,0,1331,3812
2503,245,0,0,0
2504,340,0,0,0
2505,752,0,79,238
2506,411,0,0,0
2507,498,0,344,1003
2508,376,0,21,58
2509,280,0,130,374
2510,95,0,0,0
2511,105,0,0,0
2512,99,0,84,242
2513,752,0,342,1001
2514,670,0,178,511
2515,241,0,0,0
2516,385,0,144,411
2517,167,0,0,0
2518,337,0,0,0
2519,194,0,155,443
2520,387,0,0,0
2521,634,0,435,1265
2522,286,0,164,483
2523,465,0,99,281
2524,611,0,144,417
2525,34,0,48,140
2526,519,0,160,464
2527,316,0,349,1013
2528,178,0,411,1190
2529,155,0,163,476
2530,177,0,0,0
2531,70,0,0,0
2532,753,0,400,1161
2533,96,0,244,687
2534,189,0,19,52
2535,216,0,0,0
2536,98,0,0,0
2537,184,0,0,0
2538,95,0,446,1292
2539,43,0,68,195
2540,58,0,19,53
2541,142,0,0,0
2542,286,0,170,494
2543,107,0,443,1260
2544,96,0,0,0
2545,752,0,86,258
2546,96,0,606,1749
2547,214,0,191,556
2548,752,0,101,299
2549,348,0,0,0
2550,98,0,0,0
2551,754,0,85,254
2552,63,0,0,0
2553,96,0,75,215
2554,109,0,120,349
2555,154,0,0,0
2556,126,0,1389,3941
2557,225,0,0,0
2558,329,0,0,0
2559,333,0,0,0
2560,191,0,0,0
2561,47,0,15,41
2562,157,0,0,0
2563,44,0,0,0
2564,96,0,70,201
2565,167,0,0,0
2566,105,0,119,342
2567,31,0,322,941
2568,195,0,82,241
2569,185,0,19,51
2570,240,0,0,0
2571,134,0,0,0
2572,672,0,149,433
2573,251,0,560,1605
2574,209,0,0,0
2575,217,0,142,415
2576,231,0,110,320
2577,51,0,0,0
2578,95,0,0,0
2579,477,0,0,0
2580,292,0,359,1033
2581,286,0,86,247
2582,334,0,984,2825
2583,97,0,148,434
2584,83,0,172,497
2585,547,0,16,43
2586,753,0,125,370
2587,222,0,0,0
2588,411,0,154,451
2589,131,0,113,330
2590,521,0,0,0
2591,328,0,88,258
2592,211,0,54,158
2593,455,0,0,0
2594,633,0,0,0
2595,473,0,382,1110
2596,752,0,202,593
2597,107,0,85,245
2598,95,0,380,1113
2599,602,0,75,214
2600,342,0,71,202
2601,99,0,299,871
2602,442,0,106,314
2603,312,0,1139,3256
2604,47,0,0,0
2605,483,0,0,0
2606,180,0,561,1606
2607,454,0,0,0
2608,206,0,0,0
2609,232,0,23,65
2610,335,0,49,141
2611,752,0,4845,13823
2612,473,0,411,1198
2613,492,0,19,51
2614,99,0,0,0
2615,95,0,0,0
2616,419,0,177,515
2617,98,0,683,1970
2618,753,0,149,442
2619,325,0,0,0
2620,390,0,82,242
2621,74,0,0,0
2622,467,0,0,0
2623,106,0,216,632
2624,329,0,0,0
2625,752,0,141,418
2626,560,0,86,248
2627,197,0,0,0
2628,162,0,0,0
2629,369,0,13,33
2630,220,0,394,1139
2631,81,0,243,713
2632,496,0,39,108
2633,57,0,367,1073
2634,502,0,79,231
2635,192,0,537,1564
2636,108,0,81,235
2637,104,0,0,0
2638,70,0,0,0
2639,217,0,218,633
2640,752,0,1222,3513
2641,526,0,66,187
2642,559,0,218,628
2643,752,0,296,865
2644,616,0,878,2516
2645,154,0,18,48
2646,444,0,0,0
2647,665,0,22,61
2648,97,0,0,0
2649,45,0,0,0
2650,322,0,0,0
2651,134,0,0,0
2652,752,0,82,247
2653,274,0,0,0
2654,204,0,0,0
2655,419,0,0,0
2656,660,0,22,60
2657,289,0,0,0
2658,475,0,52,150
2659,290,0,0,0
2660,191,0,23,63
2661,146,0,0,0
2662,629,0,37,101
2663,752,0,109,322
2664,68,0,24,66
2665,147,0,0,0
2666,87,0,387,1117
2667,217,0,0,0
2668,300,0,126,367
2669,148,0,16,42
2670,752,0,85,256
2671,728,0,1886,5304
2672,284,0,972,2794
2673,94,0,106,302
2674,128,0,131,385
2675,105,0,0,0
2676,94,0,0,0
2677,244,0,438,1277
2678,491,0,0,0
2679,489,0,0,0
2680,395,0,0,0
2681,369,0,430,1240
2682,153,0,238,686
2683,722,0,0,0
2684,375,0,0,0
2685,72,0,21,58
2686,242,0,0,0
2687,403,0,0,0
2688,754,0,149,436
2689,97,0,220,633
2690,752,0,86,259
2691,427,0,0,0
2692,47,0,87,255
2693,324,0,141,413
2694,55,0,52,152
2695,128,0,0,0
2696,419,0,20,54
2697,129,0,0,0
2698,56,0,0,0
2699,333,0,127,365
2700,746,0,765,2185
2701,752,0,102,301
2702,106,0,79,233
2703,281,0,0,0
2704,755,0,83,248
2705,752,0,110,324
2706,754,0,82,247
2707,752,0,89,266
2708,95,0,68,196
2709,636,0,0,0
2710,752,0,95,279
2711,137,0,0,0
2712,31,0,104,302
2713,99,0,0,0
2714,275,0,0,0
2715,737,0,20,56
2716,394,0,146,423
2717,425,0,48,139
2718,347,0,0,0
2719,265,0,0,0
2720,638,0,432,1263
2721,752,0,117,346
2722,236,0,0,0
2723,141,0,81,238
2724,648,0,339,983
2725,175,0,54,158
2726,95,0,552,1597
2727,253,0,71,201
2728,750,0,262,762
2729,41,0,0,0
2730,427,0,48,140
2731,384,0,260,767
2732,337,0,93,274
2733,212,0,132,381
2734,174,0,521,1482
2735,59,0,72,208
2736,78,0,0,0
2737,687,0,2093,5992
2738,199,0,0,0
2739,300,0,60,172
2740,90,0,0,0
2741,68,0,1299,3720
2742,752,0,110,326
2743,752,0,90,269
2744,600,0,87,260
2745,98,0,0,0
2746,242,0,0,0
2747,89,0,83,240
2748,258,0,0,0
2749,481,0,79,232
2750,154,0,0,0
2751,99,0,49,142
2752,95,0,86,252
2753,752,0,629,1840
2754,94,0,0,0
2755,209,0,84,244
2756,293,0,0,0
2757,752,0,320,942
2758,63,0,0,0
2759,32,0,142,410
2760,752,0,119,352
2761,726,0,1497,4168
2762,35,0,0,0
2763,754,0,386,1133
2764,522,0,0,0
2765,489,0,83,240
2766,70,0,1092,3128
2767,579,0,70,201
2768,471,0,0,0
2769,449,0,276,804
2770,753,0,316,929
2771,249,0,165,481
2772,752,0,115,340
2773,252,0,0,0
2774,713,0,51,148
2775,131,0,128,367
2776,752,0,188,551
2777,563,0,227,657
2778,753,0,106,313
2779,752,0,529,1545
2780,673,0,0,0
2781,369,0,69,197
2782,91,0,104,296
2783,97,0,0,0
2784,268,0,107,311
2785,458,0,374,1084
2786,384,0,143,416
2787,54,0,82,240
2788,620,0,14,38
2789,429,0,127,372
2790,413,0,46,132
2791,752,0,87,261
2792,342,0,82,241
2793,39,0,139,401
2794,203,0,305,890
2795,244,0,0,0
2796,474,0,630,1780
2797,552,0,319,928
2798,37,0,116,334
2799,186,0,0,0
2800,76,0,49,137
2801,148,0,65,184
2802,95,0,0,0
2803,41,0,90,264
2804,599,0,0,0
2805,97,0,85,243
2806,96,0,0,0
2807,99,0,458,1330
2808,719,0,1644,4666
2809,496,0,0,0
2810,252,0,0,0
2811,269,0,76,216
2812,752,0,312,914
2813,96,0,163,473
2814,545,0,52,150
2815,95,0,20,54
2816,66,0,0,0
2817,304,0,0,0
2818,149,0,87,256
2819,753,0,260,769
2820,92,0,0,0
2821,235,0,0,0
2822,645,0,0,0
2823,65,0,52,151
2824,385,0,109,318
2825,98,0,84,243
2826,44,0,18,48
2827,47,0,476,1391
2828,449,0,469,1366
2829,294,0,267,777
2830,96,0,0,0
2831,752,0,486,1415
2832,753,0,183,538
2833,234,0,1040,3009
2834,753,0,312,915
2835,693,0,0,0
2836,129,0,116,335
2837,662,0,308,898
2838,449,0,0,0
2839,484,0,864,2471
2840,553,0,193,555
2841,541,0,17,45
2842,554,0,0,0
2843,752,0,334,983
2844,226,0,144,412
2845,168,0,0,0
2846,106,0,58,166
2847,97,0,16,43
2848,450,0,33,89
2849,147,0,0,0
2850,398,0,66,189
2851,752,0,90,270
2852,163,0,1932,5558
2853,268,0,0,0
2854,401,0,0,0
2855,213,0,197,567
2856,441,0,101,293
2857,752,0,136,398
2858,359,0,20,55
2859,68,0,0,0
2860,424,0,0,0
2861,752,0,294,872
2862,29,0,49,135
2863,129,0,0,0
2864,752,0,226,663
2865,616,0,48,138
2866,130,0,0,0
2867,35,0,0,0
2868,74,0,182,517
2869,325,0,53,154
2870,87,0,0,0
2871,428,0,0,0
2872,240,0,0,0
2873,170,0,0,0
2874,316,0,226,659
2875,96,0,0,0
2876,91,0,145,420
2877,174,0,126,367
2878,738,0,358,1002
2879,752,0,613,1792
2880,130,0,130,378
2881,183,0,480,1403
2882,96,0,18,49
2883,752,0,87,262
2884,612,0,78,224
2885,126,0,177,516
2886,321,0,18,48
2887,95,0,22,61
2888,109,0,0,0
2889,752,0,82,247
2890,242,0,49,143
2891,484,0,88,255
2892,373,0,0,0
2893,753,0,91,272
2894,132,0,0,0
2895,142,0,46,134
2896,105,0,0,0
2897,68,0,78,222
2898,471,0,0,0
2899,344,0,1779,5082
2900,194,0,274,789
2901,398,0,0,0
2902,432,0,50,140
2903,414,0,69,198
2904,44,0,70,199
2905,326,0,0,0
2906,95,0,0,0
2907,145,0,14,38
2908,60,0,0,0
2909,752,0,295,873
2910,325,0,0,0
2911,635,0,110,320
2912,337,0,1100,3145
2913,150,0,111,317
2914,299,0,0,0
2915,86,0,270,781
2916,754,0,379,1116
2917,752,0,136,402
2918,140,0,48,138
2919,246,0,0,0
2920,208,0,0,0
2921,52,0,16,42
2922,41,0,14,37
2923,346,0,167,490
2924,152,0,54,156
2925,341,0,0,0
2926,753,0,1182,3393
2927,752,0,87,260
2928,548,0,73,208
2929,64,0,0,0
2930,752,0,669,1959
2931,324,0,15,40
2932,548,0,77,226
2933,752,0,106,314
2934,636,0,207,600
2935,46,0,0,0
2936,231,0,89,267
2937,521,0,0,0
2938,172,0,0,0
2939,386,0,0,0
2940,450,0,0,0
2941,98,0,0,0
2942,752,0,80,239
2943,754,0,81,242
2944,379,0,223,642
2945,158,0,0,0
2946,330,0,0,0
2947,270,0,0,0
2948,333,0,0,0
2949,260,0,144,417
2950,622,0,0,0
2951,372,0,50,145
2952,300,0,0,0
2953,425,0,282,815
2954,284,0,0,0
2955,105,0,97,281
2956,752,0,1028,2946
2957,246,0,166,479
2958,752,0,215,631
2959,95,0,80,236
2960,334,0,82,240
2961,752,0,183,542
2962,270,0,0,0
2963,372,0,92,268
2964,164,0,0,0
2965,231,0,18,48
2966,278,0,117,339
2967,489,0,74,212
2968,752,0,219,645
2969,217,0,698,2009
2970,279,0,0,0
2971,752,0,84,253
2972,144,0,0,0
2973,40,0,0,0
2974,395,0,217,633
2975,227,0,0,0
2976,235,0,0,0
2977,133,0,79,233
2978,94,0,0,0
2979,312,0,0,0
2980,95,0,40,109
2981,242,0,0,0
2982,70,0,0,0
2983,68,0,0,0
2984,108,0,43,120
2985,88,0,82,246
2986,472,0,470,1365
2987,197,0,443,1287
2988,215,0,55,159
2989,753,0,115,342
2990,27,0,79,224
2991,89,0,91,267
2992,149,0,0,0
2993,98,0,1205,3449
2994,99,0,0,0
2995,393,0,55,160
2996,58,0,435,1259
2997,251,0,81,239
2998,448,0,0,0
2999,128,0,0,0
3000,293,0,104,304
3001,752,0,258,756
3002,620,0,0,0
3003,745,0,115,342
3004,303,0,220,633
3005,238,0,0,0
3006,98,0,0,0
3007,217,0,0,0
3008,264,0,0,0
3009,609,0,20,55
3010,652,0,110,318
3011,434,0,82,242
3012,127,0,250,723
3013,469,0,0,0
3014,590,0,194,560
3015,96,0,83,244
3016,75,0,0,0
3017,210,0,0,0
3018,186,0,0,0
3019,60,0,14,38
3020,285,0,305,887
3021,155,0,78,224
3022,349,0,0,0
3023,237,0,17,46
3024,752,0,81,242
3025,197,0,0,0
3026,752,0,1581,4561
3027,300,0,132,384
3028,132,0,0,0
3029,321,0,215,626
3030,95,0,119,340
3031,128,0,50,145
3032,113,0,52,151
3033,78,0,51,149
3034,49,0,12,31
3035,46,0,0,0
3036,481,0,303,879
3037,61,0,153,445
3038,484,0,0,0
3039,171,0,785,2227
3040,394,0,222,642
3041,596,0,111,328
3042,692,0,43,125
3043,97,0,0,0
3044,320,0,111,318
3045,96,0,107,310
3046,125,0,0,0
3047,250,0,0,0
3048,497,0,85,250
3049,752,0,1754,5014
3050,333,0,114,333
3051,333,0,47,137
3052,269,0,55,159
3053,540,0,15,39
3054,82,0,666,1913
3055,561,0,191,552
3056,408,0,518,1514
3057,98,0,0,0
3058,156,0,0,0
3059,683,0,296,862
3060,501,0,0,0
3061,413,0,628,1783
3062,593,0,148,428
3063,187,0,54,157
3064,207,0,224,648
3065,752,0,692,1994
3066,45,0,187,549
3067,134,0,137,397
3068,244,0,117,341
3069,99,0,279,807
3070,752,0,84,253
3071,571,0,19,51
3072,752,0,82,245
3073,618,0,21,57
3074,560,0,0,0
3075,214,0,0,0
3076,263,0,152,441
3077,606,0,0,0
3078,753,0,595,1738
3079,94,0,78,224
3080,252,0,0,0
3081,229,0,497,1431
3082,239,0,22,62
3083,200,0,85,245
3084,106,0,135,397
3085,752,0,170,498
3086,577,0,0,0
3087,174,0,698,1961
3088,332,0,0,0
3089,174,0,278,807
3090,145,0,0,0
3091,97,0,144,415
3092,110,0,0,0
3093,96,0,0,0
3094,221,0,0,0
3095,309,0,49,142
3096,141,0,16,42
3097,563,0,14,38
3098,142,0,0,0
3099,91,0,80,228
3100,752,0,244,712
3101,486,0,228,655
3102,240,0,125,367
3103,94,0,0,0
3104,79,0,0,0
3105,465,0,342,988
3106,602,0,138,399
3107,601,0,0,0
3108,743,0,94,274
3109,127,0,0,0
3110,410,0,0,0
3111,308,0,1105,3155
3112,567,0,0,0
3113,752,0,1043,2969
3114,575,0,0,0
3115,96,0,163,472
3116,752,0,118,349
3117,753,0,389,1146
3118,219,0,0,0
3119,752,0,82,247
3120,752,0,329,966
3121,627,0,154,443
3122,107,0,0,0
3123,99,0,131,379
3124,97,0,80,229
3125,485,0,0,0
3126,99,0,107,309
3127,214,0,0,0
3128,236,0,0,0
3129,170,0,0,0
3130,752,0,88,263
3131,752,0,317,932
3132,39,0,55,161
3133,139,0,135,386
3134,332,0,22,62
3135,85,0,146,422
3136,504,0,142,417
3137,491,0,108,314
3138,250,0,0,0
3139,628,0,1196,3424
3140,739,0,70,200
3141,207,0,0,0
3142,423,0,0,0
3143,752,0,345,992
3144,753,0,82,247
3145,95,0,119,346
3146,394,0,124,351
3147,91,0,86,252
3148,262,0,99,285
3149,624,0,242,706
3150,219,0,102,294
3151,617,0,0,0
3152,15,0,0,0
3153,78,0,0,0
3154,752,0,1831,5230
3155,654,0,19,52
3156,659,0,238,683
3157,752,0,262,765
3158,752,0,86,258
3159,752,0,243,711
3160,376,0,0,0
3161,130,0,134,393
3162,177,0,0,0
3163,433,0,0,0
3164,98,0,0,0
3165,752,0,135,397
3166,649,0,0,0
3167,549,0,0,0
3168,752,0,90,270
3169,311,0,110,318
3170,752,0,165,484
3171,98,0,0,0
3172,752,0,169,499
3173,752,0,86,259
3174,94,0,0,0
3175,448,0,89,262
3176,208,0,0,0
3177,76,0,0,0
3178,224,0,474,1354
3179,753,0,1045,3005
3180,713,0,397,1148
3181,97,0,0,0
3182,368,0,0,0
3183,754,0,89,268
3184,80,0,61,174
3185,284,0,0,0
3186,96,0,0,0
3187,245,0,24,66
3188,280,0,0,0
3189,203,0,3300,9497
3190,528,0,97,280
3191,88,0,40,109
3192,257,0,0,0
3193,267,0,297,863
3194,252,0,75,220
3195,95,0,0,0
3196,524,0,132,384
3197,39,0,54,152
3198,470,0,0,0
3199,743,0,46,129
3200,752,0,183,536
3201,98,0,72,205
3202,97,0,0,0
3203,230,0,18,49
3204,377,0,0,0
3205,173,0,169,487
3206,216,0,0,0
3207,76,0,0,0
3208,141,0,137,389
3209,142,0,0,0
3210,77,0,0,0
3211,604,0,0,0
3212,245,0,200,577
3213,752,0,84,251
3214,752,0,269,788
3215,42,0,0,0
3216,487,0,0,0
3217,122,0,60,175
3218,432,0,294,862
3219,237,0,122,354
3220,666,0,89,261
3221,99,0,82,237
3222,752,0,503,1471
3223,752,0,85,254
3224,98,0,0,0
3225,470,0,0,0
3226,753,0,232,681
3227,98,0,0,0
3228,752,0,170,502
3229,627,0,15,41
3230,172,0,197,573
3231,95,0,88,256
3232,96,0,53,153
3233,754,0,143,424
3234,64,0,16,43
3235,752,0,247,724
3236,249,0,156,453
3237,163,0,0,0
3238,201,0,87,257
3239,260,0,58,168
3240,186,0,0,0
3241,165,0,16,42
3242,465,0,0,0
3243,360,0,0,0
3244,454,0,82,246
3245,753,0,82,247
3246,440,0,0,0
3247,222,0,248,729
3248,99,0,0,0
3249,340,0,779,2236
3250,300,0,19,52
3251,752,0,171,502
3252,752,0,173,499
3253,243,0,147,424
3254,55,0,118,337
3255,248,0,0,0
3256,39,0,0,0
3257,298,0,50,144
3258,290,0,116,339
3259,228,0,0,0
3260,79,0,86,258
3261,752,0,214,627
3262,109,0,124,360
3263,99,0,1175,3362
3264,409,0,0,0
3265,47,0,0,0
3266,438,0,0,0
3267,283,0,0,0
3268,39,0,175,509
3269,431,0,52,151
3270,98,0,222,646
3271,96,0,153,439
3272,752,0,251,738
3273,260,0,0,0
3274,99,0,287,830
3275,200,0,0,0
3276,348,0,0,0
3277,97,0,22,62
3278,94,0,85,240
3279,750,0,120,340
3280,82,0,19,53
3281,241,0,2511,7142
3282,297,0,153,443
3283,254,0,0,0
3284,167,0,21,58
3285,537,0,170,495
3286,94,0,0,0
3287,80,0,0,0
3288,752,0,182,534
3289,641,0,0,0
3290,433,0,84,242
3291,250,0,0,0
3292,52,0,191,560
3293,208,0,0,0
3294,335,0,130,377
3295,132,0,0,0
3296,219,0,16,42
3297,158,0,438,1275
3298,752,0,169,499
3299,752,0,86,259
3300,94,0,0,0
3301,448,0,89,262
3302,208,0,0,0
3303,76,0,0,0
3304,224,0,474,1354
3305,753,0,1045,3005
3306,713,0,397,1148
3307,97,0,0,0
3308,368,0,0,0
3309,754,0,89,268
3310,80,0,61,174
3311,284,0,0,0
3312,96,0,0,0
3313,245,0,24,66
3314,280,0,0,0
3315,203,0,3300,9497
3316,528,0,97,280
3317,88,0,40,109
3318,257,0,0,0
3319,267,0,297,863
3320,252,0,75,220
3321,95,0,0,0
3322,524,0,132,384
3323,39,0,54,152
3324,470,0,0,0
3325,743,0,46,129
3326,752,0,183,536
3327,98,0,72,205
3328,97,0,0,0
3329,230,0,18,49
3330,377,0,0,0
3331,173,0,169,487
3332,216,0,0,0
3333,76,0,0,0
3334,141,0,137,389
3335,142,0,0,0
3336,77,0,0,0
3337,604,0,0,0
3338,245,0,200,577
3339,752,0,84,251
3340,752,0,269,788
3341,42,0,0,0
3342,487,0,0,0
3343,122,0,60,175
3344,432,0,294,862
3345,237,0,122,354
3346,666,0,89,261
3347,99,0,82,237
3348,752,0,503,1471
3349,752,0,85,254
3350,98,0,0,0
3351,470,0,0,0
3352,752,0,360,1053
3353,283,0,0,0
3354,605,0,0,0
3355,391,0,132,381
3356,47,0,0,0
3357,237,0,228,657
3358,638,0,0,0
3359,98,0,188,544
3360,99,0,87,256
3361,218,0,148,427
3362,94,0,49,143
3363,752,0,524,1539
3364,165,0,16,42
3365,465,0,0,0
3366,360,0,0,0
3367,454,0,82,246
3368,753,0,82,247
3369,440,0,0,0
3370,222,0,248,729
3371,99,0,0,0
3372,340,0,779,2236
3373,300,0,19,52
3374,752,0,171,502
3375,752,0,173,499
3376,243,0,147,424
3377,55,0,118,337
3378,248,0,0,0
3379,39,0,0,0
3380,95,0,0,0
3381,64,0,85,246
3382,752,0,220,646
3383,232,0,112,320
3384,540,0,0,0
3385,650,0,0,0
3386,546,0,16,44
3387,188,0,151,443
3388,382,0,114,337
3389,752,0,157,465
3390,756,0,211,626
3391,60,0,57,160
3392,752,0,193,571
3393,429,0,0,0
3394,169,0,0,0
3395,652,0,137,401
3396,307,0,68,198
3397,598,0,0,0
3398,752,0,998,2900
3399,270,0,198,580
3400,141,0,746,2139
3401,445,0,0,0
3402,635,0,0,0
3403,265,0,46,133
3404,447,0,488,1409
3405,100,0,339,986
3406,95,0,162,468
3407,298,0,50,144
3408,290,0,116,339
3409,228,0,0,0
3410,79,0,86,258
3411,752,0,214,627
3412,109,0,124,360
3413,99,0,1175,3362
3414,409,0,0,0
3415,180,0,12,31
3416,310,0,135,389
3417,98,0,262,763
3418,232,0,50,146
3419,46,0,82,241
3420,95,0,47,131
3421,95,0,0,0
3422,247,0,83,240
3423,95,0,50,140
3424,99,0,186,539
3425,248,0,0,0
3426,266,0,143,412
3427,107,0,0,0
3428,752,0,104,309
3429,752,0,281,828
3430,485,0,0,0
3431,319,0,0,0
3432,96,0,86,248
3433,234,0,450,1299
3434,222,0,325,937
3435,98,0,128,368
3436,205,0,0,0
3437,216,0,148,435
3438,734,0,759,2165
3439,37,0,0,0
3440,345,0,154,452
3441,82,0,78,225
3442,117,0,17,46
3443,95,0,0,0
3444,455,0,0,0
3445,320,0,0,0
3446,173,0,379,1106
3447,752,0,79,236
3448,711,0,0,0
3449,752,0,720,2101
3450,78,0,372,1081
3451,252,0,15,41
3452,109,0,906,2598
3453,480,0,146,426
3454,155,0,162,472
3455,225,0,464,1354
3456,368,0,52,151
3457,98,0,84,253
3458,752,0,261,767
3459,97,0,0,0
3460,97,0,0,0
3461,754,0,201,587
3462,146,0,0,0
3463,649,0,243,706
3464,467,0,340,989
3465,164,0,79,228
3466,318,0,22,62
3467,168,0,0,0
3468,472,0,91,267
3469,99,0,0,0
3470,655,0,0,0
3471,755,0,101,298
3472,197,0,0,0
3473,32,0,0,0
3474,133,0,0,0
3475,532,0,0,0
3476,47,0,19,53
3477,406,0,0,0
3478,308,0,0,0
3479,752,0,89,266
3480,129,0,0,0
3481,146,0,85,245
3482,51,0,0,0
3483,112,0,115,331
3484,74,0,0,0
3485,38,0,0,0
3486,501,0,101,289
3487,752,0,336,981
3488,100,0,78,223
3489,63,0,49,143
3490,53,0,181,525
3491,164,0,22,62
3492,504,0,0,0
3493,264,0,0,0
3494,636,0,0,0
3495,62,0,84,246
3496,752,0,83,250
3497,458,0,0,0
3498,453,0,0,0
3499,202,0,0,0
3500,182,0,0,0
3501,752,0,231,678
3502,450,0,52,151
3503,71,0,0,0
3504,243,0,0,0
3505,697,0,0,0
3506,99,0,180,522
3507,442,0,20,54
3508,204,0,0,0
3509,77,0,132,381
3510,187,0,16,42
3511,92,0,87,252
3512,39,0,0,0
3513,752,0,306,895
3514,337,0,0,0
3515,444,0,24,66
3516,35,0,0,0
3517,52,0,17,51
3518,752,0,167,492
3519,252,0,0,0
3520,195,0,15,41
3521,752,0,79,238
3522,524,0,121,354
3523,197,0,0,0
3524,266,0,1147,3277
3525,222,0,0,0
3526,261,0,156,452
3527,134,0,0,0
3528,352,0,82,245
3529,139,0,19,51
3530,546,0,73,214
3531,205,0,103,294
3532,752,0,1776,5037
3533,572,0,88,260
3534,136,0,0,0
3535,147,0,0,0
3536,79,0,260,751
3537,464,0,0,0
3538,752,0,1114,3223
3539,605,0,0,0
3540,752,0,83,249
3541,753,0,321,939
3542,99,0,0,0
3543,752,0,146,433
3544,752,0,85,254
3545,351,0,282,823
3546,97,0,23,64
3547,99,0,81,242
3548,408,0,0,0
3549,287,0,0,0
3550,81,0,0,0
3551,719,0,402,1170
3552,659,0,15,41
3553,70,0,114,332
3554,90,0,75,217
3555,290,0,33,89
3556,140,0,53,153
3557,85,0,16,42
3558,92,0,70,200
3559,752,0,153,451
3560,316,0,0,0
3561,491,0,21,58
3562,95,0,142,407
3563,667,0,2997,8466
3564,95,0,0,0
3565,99,0,0,0
3566,435,0,0,0
3567,98,0,88,250
3568,752,0,150,439
3569,99,0,0,0
3570,538,0,0,0
3571,439,0,676,1976
3572,99,0,24,68
3573,310,0,300,870
3574,556,0,0,0
3575,95,0,0,0
3576,415,0,85,246
3577,303,0,133,383
3578,325,0,0,0
3579,160,0,133,383
3580,576,0,245,716
3581,69,0,50,146
3582,95,0,0,0
3583,293,0,205,606
3584,384,0,196,567
3585,483,0,11,29
3586,137,0,83,244
3587,109,0,112,326
3588,99,0,83,237
3589,178,0,0,0
3590,183,0,287,829
3591,76,0,0,0
3592,83,0,104,302
3593,279,0,0,0
3594,42,0,0,0
3595,195,0,0,0
3596,726,0,74,212
3597,96,0,0,0
3598,753,0,107,317
3599,752,0,168,492
3600,752,0,107,316
3601,87,0,138,398
3602,142,0,0,0
3603,172,0,81,239
3604,622,0,1133,3211
3605,92,0,361,1052
3606,227,0,112,321
3607,671,0,0,0
3608,228,0,0,0
3609,471,0,0,0
3610,625,0,52,150
3611,95,0,21,57
3612,576,0,90,266
3613,312,0,0,0
3614,98,0,0,0
3615,248,0,0,0
3616,231,0,0,0
3617,65,0,289,846
3618,717,0,17,47
3619,228,0,15,40
3620,752,0,88,263
3621,161,0,197,574
3622,96,0,0,0
3623,109,0,0,0
3624,752,0,1079,3102
3625,350,0,0,0
3626,688,0,0,0
3627,753,0,338,988
3628,186,0,30,84
3629,218,0,118,344
3630,71,0,55,160
3631,449,0,0,0
3632,98,0,0,0
3633,401,0,0,0
3634,201,0,54,156
3635,285,0,113,328
3636,95,0,162,466
3637,439,0,66,187
3638,84,0,51,147
3639,230,0,0,0
3640,96,0,0,0
3641,670,0,372,1092
3642,752,0,87,262
3643,210,0,205,594
3644,752,0,310,903
3645,505,0,0,0
3646,194,0,159,464
3647,752,0,107,316
3648,199,0,0,0
3649,95,0,0,0
3650,265,0,261,755
3651,309,0,103,298
3652,67,0,86,248
3653,752,0,771,2186
3654,428,0,0,0
3655,372,0,0,0
3656,253,0,0,0
3657,283,0,1597,4630
3658,111,0,65,184
3659,95,0,22,60
3660,205,0,154,442
3661,199,0,107,307
3662,399,0,344,1001
3663,596,0,277,782
3664,530,0,401,1134
3665,752,0,81,243
3666,441,0,0,0
3667,508,0,361,1043
3668,99,0,86,246
3669,733,0,113,244
3670,182,0,384,1107
3671,52,0,0,0
3672,217,0,263,763
3673,57,0,239,691
3674,92,0,73,210
3675,752,0,87,260
3676,394,0,0,0
3677,80,0,0,0
3678,752,0,242,708
3679,95,0,2027,5773
3680,752,0,925,2650
3681,97,0,110,318
3682,653,0,21,58
3683,79,0,71,203
3684,97,0,121,353
3685,181,0,49,141
3686,753,0,151,449
3687,738,0,180,531
3688,92,0,0,0
3689,195,0,0,0
3690,98,0,81,237
3691,346,0,0,0
3692,91,0,0,0
3693,75,0,0,0
3694,45,0,0,0
3695,372,0,0,0
3696,750,0,89,268
3697,149,0,137,395
3698,98,0,153,444
3699,157,0,68,194
3700,81,0,140,405
3701,459,0,0,0
3702,81,0,0,0
3703,98,0,0,0
3704,95,0,109,317
3705,72,0,88,253
3706,131,0,0,0
3707,219,0,894,2577
3708,97,0,20,54
3709,752,0,435,1276
3710,99,0,235,679
3711,753,0,264,771
3712,51,0,231,669
3713,268,0,384,1122
3714,145,0,0,0
3715,425,0,46,130
3716,752,0,208,608
3717,375,0,0,0
3718,95,0,123,354
3719,133,0,0,0
3720,431,0,0,0
3721,752,0,1135,3273
3722,95,0,129,375
3723,349,0,86,246
3724,519,0,88,258
3725,397,0,83,244
3726,42,0,16,43
3727,109,0,0,0
3728,752,0,90,270
3729,577,0,0,0
3730,221,0,50,144
3731,583,0,404,1171
3732,172,0,0,0
3733,108,0,0,0
3734,557,0,28,76
3735,154,0,0,0
3736,640,0,0,0
3737,60,0,291,868
3738,671,0,113,329
3739,752,0,3057,8713
3740,99,0,135,401
3741,106,0,165,476
3742,514,0,179,510
3743,130,0,0,0
3744,754,0,507,1483
3745,83,0,92,263
3746,753,0,83,248
3747,752,0,150,440
3748,282,0,0,0
3749,332,0,588,1677
3750,401,0,0,0
3751,752,0,391,1147
3752,73,0,1524,4367
3753,180,0,17,47
3754,239,0,52,152
3755,88,0,84,252
3756,106,0,186,543
3757,752,0,81,244
3758,96,0,0,0
3759,46,0,131,378
3760,97,0,93,262
3761,465,0,43,119
3762,689,0,82,238
3763,530,0,0,0
3764,476,0,0,0
3765,97,0,13,35
3766,291,0,0,0
3767,274,0,139,403
3768,58,0,0,0
3769,385,0,35,93
3770,164,0,0,0
3771,273,0,20,55
3772,109,0,0,0
3773,261,0,0,0
3774,195,0,20,55
3775,148,0,19,52
3776,752,0,90,270
3777,412,0,22,60
3778,498,0,0,0
3779,752,0,404,1177
3780,106,0,21,58
3781,99,0,119,341
3782,204,0,753,2164
3783,752,0,83,249
3784,226,0,0,0
3785,257,0,146,424
3786,753,0,574,1667
3787,78,0,44,128
3788,86,0,52,151
3789,587,0,120,344
3790,68,0,135,392
3791,361,0,18,49
3792,324,0,210,615
3793,468,0,78,218
3794,272,0,46,132
3795,95,0,10,26
3796,80,0,71,203
3797,268,0,0,0
3798,129,0,146,422
3799,532,0,0,0
3800,131,0,0,0
3801,97,0,0,0
3802,126,0,2034,5833
3803,96,0,53,153
3804,99,0,55,160
3805,210,0,0,0
3806,389,0,79,227
3807,85,0,0,0
3808,96,0,14,38
3809,98,0,0,0
3810,524,0,22,60
3811,285,0,19,51
3812,603,0,147,424
3813,666,0,276,801
3814,501,0,112,324
3815,752,0,78,234
3816,192,0,0,0
3817,83,0,0,0
3818,260,0,21,57
3819,174,0,120,346
3820,175,0,85,245
3821,188,0,51,149
3822,288,0,0,0
3823,677,0,147,426
3824,408,0,0,0
3825,92,0,140,406
3826,540,0,51,148
3827,206,0,0,0
3828,702,0,0,0
3829,202,0,0,0
3830,96,0,0,0
3831,98,0,37,107
3832,315,0,0,0
3833,107,0,68,194
3834,549,0,267,775
3835,680,0,0,0
3836,752,0,153,450
3837,503,0,0,0
3838,284,0,0,0
3839,229,0,23,65
3840,220,0,0,0
3841,145,0,252,730
3842,571,0,0,0
3843,752,0,260,765
3844,248,0,0,0
3845,97,0,248,716
3846,63,0,150,439
3847,752,0,170,499
3848,582,0,0,0
3849,525,0,81,238
3850,757,0,85,255
3851,178,0,0,0
3852,356,0,0,0
3853,95,0,195,563
3854,105,0,0,0
3855,169,0,155,452
3856,538,0,18,48
3857,150,0,0,0
3858,156,0,189,543
3859,205,0,0,0
3860,752,0,83,248
3861,255,0,190,554
3862,711,0,19,51
3863,599,0,263,767
3864,752,0,440,1284
3865,403,0,177,512
3866,99,0,83,244
3867,52,0,0,0
3868,264,0,384,1115
3869,144,0,0,0
3870,198,0,15,41
3871,511,0,0,0
3872,64,0,645,1872
3873,308,0,1376,3921
3874,752,0,85,255
3875,621,0,75,215
3876,137,0,263,762
3877,672,0,68,187
3878,752,0,113,334
3879,105,0,0,0
3880,718,0,105,305
3881,179,0,133,379
3882,244,0,656,1877
3883,752,0,85,256
3884,707,0,1160,3312
3885,98,0,0,0
3886,561,0,86,254
3887,752,0,352,1034
3888,538,0,0,0
3889,96,0,145,422
3890,96,0,336,973
3891,541,0,50,145
3892,177,0,892,2562
3893,560,0,272,794
3894,640,0,195,561
3895,240,0,195,566
3896,326,0,103,294
3897,525,0,0,0
3898,315,0,120,349
3899,437,0,354,1023
3900,391,0,0,0
3901,257,0,26,72
3902,161,0,70,198
3903,237,0,13,34
3904,365,0,20,56
3905,752,0,82,246
3906,752,0,83,248
3907,368,0,82,236
3908,99,0,74,212
3909,662,0,0,0
3910,551,0,261,760
3911,131,0,102,290
3912,444,0,16,44
3913,752,0,116,341
3914,146,0,17,47
3915,78,0,347,999
3916,62,0,0,0
3917,307,0,210,612
3918,334,0,54,156
3919,147,0,0,0
3920,575,0,18,49
3921,240,0,86,248
3922,340,0,0,0
3923,418,0,0,0
3924,443,0,175,505
3925,752,0,815,2377
3926,180,0,286,829
3927,433,0,0,0
3928,752,0,163,485
3929,46,0,245,709
3930,192,0,187,544
3931,638,0,0,0
3932,745,0,11,29
3933,183,0,0,0
3934,202,0,0,0
3935,99,0,0,0
3936,79,0,439,1280
3937,312,0,144,415
3938,96,0,243,699
3939,752,0,218,639
3940,603,0,113,322
3941,95,0,0,0
3942,498,0,168,494
3943,411,0,0,0
3944,356,0,0,0
3945,466,0,345,1006
3946,579,0,0,0
3947,535,0,103,299
3948,58,0,0,0
3949,271,0,74,212
3950,567,0,120,344
3951,96,0,174,514
3952,109,0,0,0
3953,513,0,0,0
3954,517,0,78,222
3955,224,0,0,0
3956,240,0,24,66
3957,94,0,689,1958
3958,96,0,187,545
3959,571,0,83,245
3960,89,0,21,58
3961,290,0,72,208
3962,375,0,21,58
3963,534,0,83,243
3964,99,0,361,1049
3965,198,0,20,54
3966,640,0,321,940
3967,108,0,0,0
3968,96,0,81,228
3969,651,0,0,0
3970,277,0,0,0
3971,752,0,88,265
3972,220,0,0,0
3973,59,0,130,380
3974,534,0,115,330
3975,321,0,205,594
3976,107,0,0,0
3977,96,0,0,0
3978,752,0,85,256
3979,133,0,0,0
3980,45,0,357,1035
3981,752,0,91,272
3982,442,0,18,50
3983,752,0,111,329
3984,263,0,15,39
3985,709,0,0,0
3986,308,0,0,0
3987,612,0,0,0
3988,99,0,0,0
3989,51,0,83,248
3990,359,0,0,0
3991,165,0,0,0
3992,538,0,156,452
3993,200,0,1308,3752
3994,260,0,0,0
3995,99,0,346,999
3996,429,0,700,2027
3997,61,0,348,1018
3998,299,0,82,241
3999,107,0,0,0
4000,752,0,78,235
4001,441,0,75,213
4002,619,0,0,0
4003,178,0,20,55
4004,588,0,810,2297
4005,547,0,87,257
4006,105,0,0,0
4007,165,0,0,0
4008,263,0,52,151
4009,390,0,100,290
4010,579,0,128,372
4011,501,0,19,51
4012,476,0,172,501
4013,330,0,76,227
4014,752,0,86,259
4015,150,0,20,56
4016,331,0,16,44
4017,107,0,53,155
4018,395,0,50,145
4019,427,0,0,0
4020,250,0,0,0
4021,100,0,233,677
4022,99,0,87,261
4023,202,0,160,464
4024,636,0,79,231
4025,132,0,0,0
4026,567,0,19,53
4027,98,0,0,0
4028,78,0,82,240
4029,97,0,19,51
4030,300,0,0,0
4031,399,0,327,957
4032,95,0,410,1197
4033,95,0,18,48
4034,752,0,84,251
4035,752,0,84,253
4036,96,0,0,0
4037,281,0,0,0
4038,173,0,290,836
4039,278,0,0,0
4040,752,0,81,243
4041,180,0,0,0
4042,753,0,250,730
4043,509,0,43,125
4044,236,0,0,0
4045,242,0,225,663
4046,505,0,0,0
4047,656,0,151,440
4048,98,0,0,0
4049,237,0,0,0
4050,91,0,1426,4079
4051,76,0,356,1023
4052,752,0,90,269
4053,369,0,249,724
4054,108,0,0,0
4055,753,0,90,271
4056,328,0,105,310
4057,217,0,473,1369
4058,725,0,241,696
4059,271,0,17,45
4060,81,0,186,554
4061,320,0,152,441
4062,229,0,520,1523
4063,182,0,0,0
4064,225,0,458,1326
4065,82,0,115,336
4066,635,0,709,2064
4067,561,0,272,795
4068,96,0,146,416
4069,228,0,46,134
4070,98,0,121,351
4071,134,0,478,1392
4072,579,0,0,0
4073,572,0,0,0
4074,753,0,104,307
4075,754,0,80,241
4076,135,0,46,134
4077,218,0,0,0
4078,333,0,143,419
4079,140,0,16,44
4080,384,0,0,0
4081,109,0,90,269
4082,189,0,0,0
4083,301,0,9,23
4084,235,0,215,590
4085,190,0,1206,3431
4086,661,0,297,859
4087,752,0,183,546
4088,359,0,571,1610
4089,208,0,0,0
4090,275,0,0,0
4091,174,0,0,0
4092,423,0,137,397
4093,98,0,68,193
4094,752,0,98,294
4095,46,0,49,141
4096,605,0,88,255
4097,152,0,15,40
4098,39,0,14,38
4099,264,0,0,0
4100,443,0,159,456
4101,69,0,69,197
4102,604,0,0,0
4103,752,0,235,691
4104,61,0,72,207
4105,34,0,83,244
4106,143,0,50,146
4107,107,0,2984,8487
4108,212,0,0,0
4109,374,0,79,225
4110,752,0,85,256
4111,725,0,726,2055
4112,129,0,89,257
4113,111,0,0,0
4114,137,0,3498,10000
4115,250,0,0,0
4116,362,0,0,0
4117,111,0,165,485
4118,590,0,0,0
4119,226,0,117,341
4120,559,0,80,229
4121,152,0,0,0
4122,708,0,292,842
4123,415,0,0,0
4124,712,0,0,0
4125,333,0,0,0
4126,480,0,110,317
4127,99,0,0,0
4128,259,0,0,0
4129,138,0,487,1414
4130,592,0,120,343
4131,728,0,1065,2893
4132,235,0,73,209
4133,95,0,124,361
4134,162,0,84,242
4135,752,0,120,355
4136,278,0,0,0
4137,215,0,0,0
4138,153,0,121,352
4139,64,0,0,0
4140,753,0,1743,4991
4141,752,0,341,1001
4142,752,0,272,797
4143,635,0,0,0
4144,96,0,499,1414
4145,256,0,1022,2894
4146,96,0,0,0
4147,752,0,192,565
4148,88,0,154,445
4149,290,0,0,0
4150,370,0,0,0
4151,531,0,82,238
4152,752,0,199,586
4153,577,0,821,2396
4154,70,0,16,43
4155,78,0,0,0
4156,602,0,0,0
4157,47,0,0,0
4158,752,0,240,707
4159,752,0,91,273
4160,98,0,0,0
4161,139,0,0,0
4162,234,0,229,661
4163,203,0,16,44
4164,319,0,74,214
4165,551,0,946,2736
4166,133,0,0,0
4167,420,0,330,963
4168,752,0,241,707
4169,398,0,206,591
4170,213,0,18,50
4171,752,0,84,251
4172,632,0,16,43
4173,68,0,24,67
4174,369,0,73,211
4175,149,0,0,0
4176,469,0,22,61
4177,95,0,370,1062
4178,752,0,625,1800
4179,481,0,0,0
4180,49,0,86,252
4181,753,0,184,536
4182,98,0,0,0
4183,752,0,386,1124
4184,37,0,0,0
4185,189,0,0,0
4186,281,0,0,0
4187,356,0,23,65
4188,315,0,355,1028
4189,621,0,0,0
4190,294,0,159,456
4191,752,0,292,854
4192,99,0,201,581
4193,752,0,440,1288
4194,81,0,0,0
4195,753,0,150,444
4196,300,0,1794,5143
4197,106,0,24,67
4198,585,0,922,2632
4199,97,0,0,0
4200,752,0,166,487
4201,200,0,102,291
4202,57,0,0,0
4203,752,0,175,515
4204,284,0,0,0
4205,120,0,90,255
4206,155,0,157,452
4207,96,0,51,149
4208,752,0,364,1073
4209,213,0,0,0
4210,335,0,0,0
4211,73,0,245,708
4212,463,0,16,42
4213,23,0,0,0
4214,753,0,139,407
4215,753,0,82,246
4216,225,0,18,50
4217,676,0,240,696
4218,74,0,166,486
4219,325,0,80,231
4220,247,0,0,0
4221,752,0,207,611
4222,732,0,102,210
4223,96,0,177,514
4224,228,0,144,415
4225,204,0,14,37
4226,755,0,113,334
4227,753,0,1141,3269
4228,752,0,512,1457
4229,262,0,19,53
4230,96,0,162,476
4231,752,0,124,367
4232,151,0,85,251
4233,209,0,0,0
4234,445,0,80,235
4235,752,0,1976,5621
4236,255,0,0,0
4237,376,0,21,59
4238,271,0,96,272
4239,752,0,185,539
4240,211,0,85,246
4241,752,0,294,865
4242,339,0,202,592
4243,695,0,0,0
4244,97,0,165,483
4245,511,0,77,220
4246,370,0,52,145
4247,95,0,110,315
4248,98,0,0,0
4249,165,0,0,0
4250,753,0,88,263
4251,419,0,0,0
4252,752,0,1063,3057
4253,96,0,223,641
4254,148,0,0,0
4255,595,0,0,0
4256,605,0,211,619
4257,98,0,619,1799
4258,150,0,0,0
4259,250,0,86,252
4260,427,0,140,410
4261,154,0,0,0
4262,221,0,0,0
4263,107,0,0,0
4264,72,0,85,247
4265,754,0,109,323
4266,95,0,132,378
4267,428,0,25,70
4268,119,0,0,0
4269,88,0,172,493
4270,95,0,0,0
4271,592,0,199,580
4272,168,0,146,430
4273,752,0,112,331
4274,244,0,95,269
4275,327,0,150,439
4276,752,0,268,789
4277,99,0,0,0
4278,461,0,77,222
4279,58,0,98,280
4280,97,0,86,247
4281,472,0,91,272
4282,753,0,114,335
4283,339,0,0,0
4284,370,0,87,255
4285,473,0,334,972
4286,207,0,197,565
4287,227,0,0,0
4288,45,0,22,60
4289,317,0,241,702
4290,297,0,90,269
4291,177,0,18,48
4292,753,0,116,342
4293,675,0,100,291
4294,98,0,0,0
4295,79,0,199,582
4296,98,0,279,820
4297,95,0,19,53
4298,92,0,265,766
4299,98,0,133,383
4300,61,0,18,48
4301,182,0,0,0
4302,75,0,22,62
4303,97,0,118,344
4304,730,0,144,416
4305,752,0,173,506
4306,222,0,0,0
4307,753,0,104,307
4308,99,0,0,0
4309,251,0,598,1737
4310,283,0,0,0
4311,96,0,0,0
4312,39,0,0,0
4313,752,0,87,262
4314,98,0,0,0
4315,161,0,53,154
4316,322,0,71,202
4317,752,0,86,257
4318,132,0,0,0
4319,78,0,0,0
4320,89,0,20,54
4321,373,0,0,0
4322,253,0,49,142
4323,752,0,345,1007
4324,241,0,170,494
4325,67,0,0,0
4326,554,0,1007,2887
4327,241,0,75,217
4328,393,0,221,637
4329,97,0,0,0
4330,340,0,0,0
4331,187,0,71,203
4332,275,0,174,502
4333,399,0,0,0
4334,97,0,69,199
4335,398,0,0,0
4336,189,0,75,220
4337,57,0,596,1750
4338,147,0,616,1791
4339,252,0,438,1273
4340,36,0,0,0
4341,237,0,237,700
4342,178,0,63,184
4343,68,0,0,0
4344,288,0,121,346
4345,85,0,66,189
4346,98,0,0,0
4347,312,0,18,48
4348,752,0,1254,3589
4349,753,0,159,468
4350,239,0,0,0
4351,93,0,127,360
4352,59,0,0,0
4353,754,0,87,260
4354,580,0,0,0
4355,202,0,977,2786
4356,138,0,16,44
4357,97,0,54,156
4358,510,0,0,0
4359,97,0,0,0
4360,301,0,344,997
4361,665,0,0,0
4362,752,0,268,788
4363,78,0,0,0
4364,505,0,66,188
4365,100,0,75,221
4366,173,0,51,149
4367,359,0,150,431
4368,752,0,110,324
4369,362,0,718,2033
4370,220,0,247,719
4371,724,0,140,408
4372,143,0,103,293
4373,264,0,0,0
4374,660,0,19,53
4375,97,0,129,382
4376,192,0,0,0
4377,293,0,14,36
4378,330,0,0,0
4379,191,0,139,402
4380,53,0,0,0
4381,753,0,85,256
4382,291,0,117,334
4383,59,0,264,760
4384,325,0,421,1222
4385,108,0,141,407
4386,313,0,0,0
4387,752,0,194,565
4388,96,0,40,110
4389,257,0,104,297
4390,752,0,238,693
4391,663,0,75,216
4392,753,0,116,341
4393,191,0,1668,4774
4394,281,0,592,1682
4395,514,0,72,205
4396,488,0,0,0
4397,298,0,119,340
4398,361,0,0,0
4399,97,0,50,144
4400,227,0,111,315
4401,99,0,83,244
4402,752,0,210,616
4403,752,0,82,245
4404,136,0,20,56
4405,510,0,19,52
4406,147,0,16,42
4407,197,0,325,950
4408,375,0,53,154
4409,224,0,48,134
4410,234,0,0,0
4411,31,0,0,0
4412,629,0,178,517
4413,82,0,140,406
4414,96,0,148,431
4415,364,0,23,64
4416,96,0,338,983
4417,752,0,286,835
4418,346,0,371,1075
4419,752,0,104,307
4420,221,0,191,553
4421,217,0,328,947
4422,387,0,0,0
4423,364,0,0,0
4424,283,0,0,0
4425,60,0,193,557
4426,223,0,639,1815
4427,752,0,81,242
4428,310,0,0,0
4429,78,0,0,0
4430,73,0,650,1899
4431,81,0,194,569
4432,225,0,227,661
4433,226,0,0,0
4434,167,0,218,634
4435,752,0,86,259
4436,439,0,0,0
4437,217,0,0,0
4438,753,0,82,245
4439,494,0,0,0
4440,161,0,49,141
4441,215,0,0,0
4442,644,0,0,0
4443,95,0,0,0
4444,568,0,123,357
4445,164,0,174,503
4446,43,0,19,51
4447,86,0,21,58
4448,98,0,129,376
4449,49,0,0,0
4450,214,0,0,0
4451,51,0,297,856
4452,340,0,55,159
4453,752,0,315,918
4454,403,0,84,243
4455,159,0,0,0
4456,696,0,17,45
4457,544,0,50,144
4458,193,0,305,901
4459,235,0,24,67
4460,53,0,195,559
4461,80,0,596,1731
4462,710,0,0,0
4463,434,0,0,0
4464,554,0,83,239
4465,414,0,0,0
4466,142,0,329,957
4467,176,0,41,114
4468,127,0,54,152
4469,221,0,113,329
4470,99,0,0,0
4471,38,0,18,48
4472,97,0,0,0
4473,33,0,492,1434
4474,244,0,0,0
4475,302,0,0,0
4476,565,0,81,235
4477,208,0,0,0
4478,137,0,294,838
4479,78,0,0,0
4480,317,0,0,0
4481,98,0,19,52
4482,297,0,0,0
4483,752,0,159,472
4484,498,0,18,49
4485,395,0,0,0
4486,752,0,435,1280
4487,551,0,512,1501
4488,668,0,84,241
4489,71,0,107,306
4490,109,0,346,1010
4491,591,0,0,0
4492,580,0,125,371
4493,664,0,0,0
4494,354,0,85,255
4495,477,0,0,0
4496,189,0,65,189
4497,81,0,109,318
4498,82,0,143,412
4499,412,0,0,0
4500,99,0,359,1044
4501,95,0,0,0
4502,421,0,0,0
4503,151,0,227,662
4504,99,0,355,1039
4505,222,0,0,0
4506,459,0,128,370
4507,752,0,110,323
4508,529,0,336,984
4509,648,0,0,0
4510,752,0,175,514
4511,615,0,51,147
4512,93,0,1001,2901
4513,371,0,79,227
4514,544,0,154,449
4515,187,0,932,2714
4516,107,0,0,0
4517,106,0,0,0
4518,329,0,59,171
4519,213,0,0,0
4520,752,0,1221,3559
4521,231,0,0,0
4522,105,0,243,710
4523,752,0,200,586
4524,236,0,80,236
4525,108,0,0,0
4526,487,0,173,504
4527,510,0,293,845
4528,175,0,0,0
4529,542,0,98,279
4530,302,0,175,515
4531,752,0,146,433
4532,381,0,244,711
4533,188,0,429,1234
4534,417,0,0,0
4535,396,0,82,240
4536,246,0,132,381
4537,105,0,257,745
4538,619,0,55,159
4539,114,0,0,0
4540,70,0,117,341
4541,32,0,52,150
4542,752,0,272,797
4543,269,0,0,0
4544,162,0,247,709
4545,268,0,90,264
4546,754,0,173,508
4547,579,0,0,0
4548,82,0,0,0
4549,99,0,0,0
4550,222,0,166,477
4551,131,0,87,256
4552,752,0,252,738
4553,316,0,0,0
4554,91,0,260,751
4555,752,0,238,702
4556,304,0,86,254
4557,753,0,175,517
4558,514,0,0,0
4559,184,0,15,40
4560,106,0,0,0
4561,752,0,204,595
4562,107,0,108,314
4563,413,0,0,0
4564,44,0,0,0
4565,752,0,75,226
4566,469,0,0,0
4567,132,0,84,244
4568,96,0,0,0
4569,752,0,128,375
4570,752,0,93,274
4571,513,0,71,203
4572,83,0,191,559
4573,176,0,43,125
4574,752,0,237,697
4575,399,0,19,52
4576,141,0,0,0
4577,753,0,81,243
4578,157,0,388,1123
4579,753,0,109,322
4580,217,0,942,2714
4581,230,0,237,685
4582,665,0,23,64
4583,597,0,146,424
4584,168,0,0,0
4585,80,0,275,799
4586,29,0,182,524
4587,316,0,136,392
4588,694,0,662,1891
4589,490,0,58,170
4590,468,0,0,0
4591,754,0,319,939
4592,107,0,0,0
4593,54,0,140,403
4594,110,0,500,1448
4595,752,0,248,726
4596,752,0,90,269
4597,231,0,0,0
4598,753,0,145,431
4599,238,0,82,242
4600,109,0,81,238
4601,699,0,0,0
4602,80,0,814,2357
4603,48,0,0,0
4604,739,0,169,485
4605,526,0,524,1534
4606,383,0,483,1401
4607,111,0,14,36
4608,399,0,189,548
4609,129,0,144,426
4610,153,0,74,210
4611,99,0,0,0
4612,64,0,104,302
4613,165,0,0,0
4614,127,0,110,315
4615,49,0,889,2539
4616,167,0,50,146
4617,193,0,15,41
4618,40,0,295,864
4619,124,0,234,676
4620,99,0,50,145
4621,300,0,76,216
4622,373,0,192,562
4623,752,0,303,893
4624,57,0,0,0
4625,165,0,0,0
4626,200,0,99,290
4627,235,0,0,0
4628,183,0,74,211
4629,97,0,0,0
4630,54,0,81,235
4631,99,0,0,0
4632,224,0,120,344
4633,280,0,0,0
4634,637,0,16,43
4635,752,0,89,266
4636,414,0,119,352
4637,230,0,90,260
4638,202,0,349,1017
4639,323,0,40,108
4640,259,0,83,239
4641,331,0,800,2314
4642,752,0,86,259
4643,42,0,248,725
4644,362,0,128,370
4645,752,0,218,638
4646,166,0,82,246
4647,95,0,865,2491
4648,745,0,1051,3023
4649,451,0,106,310
4650,375,0,26,74
4651,95,0,39,105
4652,69,0,0,0
4653,177,0,114,333
4654,95,0,0,0
4655,727,0,256,738
4656,110,0,0,0
4657,752,0,1720,4934
4658,748,0,161,468
4659,370,0,53,155
4660,752,0,316,921
4661,752,0,112,331
4662,209,0,632,1803
4663,287,0,162,470
4664,752,0,83,250
4665,282,0,0,0
4666,447,0,120,342
4667,200,0,0,0
4668,450,0,121,348
4669,43,0,0,0
4670,79,0,50,145
4671,210,0,88,254
4672,549,0,55,159
4673,143,0,221,642
4674,320,0,50,144
4675,752,0,155,454
4676,432,0,67,193
4677,317,0,0,0
4678,270,0,83,238
4679,719,0,385,1126
4680,243,0,0,0
4681,176,0,99,286
4682,157,0,42,122
4683,51,0,14,37
4684,752,0,171,505
4685,47,0,0,0
4686,69,0,489,1418
4687,338,0,252,732
4688,150,0,229,677
4689,752,0,238,695
4690,311,0,502,1434
4691,752,0,154,458
4692,752,0,80,241
4693,73,0,0,0
4694,752,0,145,432
4695,752,0,403,1176
4696,182,0,17,47
4697,98,0,89,263
4698,95,0,84,242
4699,245,0,2020,5818
4700,752,0,849,2413
4701,297,0,325,938
4702,425,0,19,53
4703,99,0,13,34
4704,274,0,137,398
4705,752,0,168,493
4706,254,0,0,0
4707,96,0,0,0
4708,752,0,88,264
4709,752,0,158,467
4710,698,0,0,0
4711,280,0,78,224
4712,97,0,121,348
4713,98,0,828,2362
4714,76,0,0,0
4715,494,0,0,0
4716,272,0,0,0
4717,725,0,104,184
4718,78,0,270,778
4719,77,0,0,0
4720,97,0,277,807
4721,336,0,0,0
4722,411,0,85,245
4723,216,0,0,0
4724,40,0,0,0
4725,81,0,0,0
4726,180,0,0,0
4727,80,0,494,1429
4728,96,0,0,0
4729,393,0,0,0
4730,752,0,205,597
4731,752,0,83,250
4732,90,0,0,0
4733,205,0,0,0
4734,131,0,48,140
4735,752,0,329,962
4736,108,0,429,1218
4737,283,0,95,285
4738,300,0,0,0
4739,78,0,0,0
4740,332,0,527,1524
4741,752,0,81,242
4742,315,0,89,267
4743,575,0,0,0
4744,98,0,0,0
4745,623,0,10,24
4746,354,0,584,1674
4747,370,0,0,0
4748,293,0,45,131
4749,90,0,71,207
4750,252,0,187,541
4751,268,0,0,0
4752,31,0,0,0
4753,381,0,0,0
4754,539,0,17,45
4755,753,0,202,595
4756,437,0,0,0
4757,85,0,109,311
4758,203,0,233,673
4759,90,0,0,0
4760,208,0,0,0
4761,753,0,299,875
4762,284,0,0,0
4763,752,0,267,788
4764,99,0,0,0
4765,223,0,299,865
4766,95,0,0,0
4767,74,0,470,1363
4768,242,0,0,0
4769,99,0,0,0
4770,133,0,0,0
4771,297,0,0,0
4772,313,0,0,0
4773,151,0,246,725
4774,183,0,263,754
4775,232,0,276,804
4776,67,0,165,476
4777,36,0,188,544
4778,430,0,105,307
4779,94,0,107,312
4780,325,0,0,0
4781,754,0,185,538
4782,87,0,0,0
4783,96,0,258,747
4784,336,0,104,298
4785,109,0,285,818
4786,421,0,0,0
4787,76,0,0,0
4788,571,0,77,227
4789,419,0,1983,5677
4790,384,0,0,0
4791,598,0,190,542
4792,105,0,354,1031
4793,752,0,78,233
4794,48,0,0,0
4795,44,0,50,145
4796,96,0,121,349
4797,589,0,23,64
4798,99,0,243,704
4799,106,0,0,0
4800,755,0,254,742
4801,548,0,17,45
4802,432,0,20,55
4803,752,0,88,265
4804,752,0,79,238
4805,753,0,167,491
4806,360,0,89,255
4807,122,0,0,0
4808,477,0,20,56
4809,397,0,79,231
4810,752,0,144,424
4811,556,0,14,36
4812,132,0,0,0
4813,752,0,81,244
4814,230,0,80,236
4815,62,0,0,0
4816,420,0,87,250
4817,244,0,0,0
4818,239,0,77,220
4819,63,0,0,0
4820,96,0,86,247
4821,310,0,0,0
4822,153,0,0,0
4823,98,0,0,0
4824,702,0,0,0
4825,324,0,113,335
4826,180,0,0,0
4827,214,0,285,825
4828,210,0,322,930
4829,258,0,88,263
4830,262,0,0,0
4831,752,0,611,1796
4832,172,0,0,0
4833,500,0,18,49
4834,431,0,0,0
4835,752,0,3298,9472
4836,82,0,0,0
4837,444,0,1045,3006
4838,95,0,0,0
4839,619,0,223,641
4840,447,0,0,0
4841,314,0,217,633
4842,74,0,0,0
4843,51,0,292,847
4844,77,0,0,0
4845,98,0,154,445
4846,116,0,9,23
4847,134,0,0,0
4848,752,0,242,711
4849,129,0,209,612
4850,296,0,0,0
4851,225,0,0,0
4852,95,0,0,0
4853,752,0,93,279
4854,43,0,19,52
4855,72,0,0,0
4856,95,0,0,0
4857,263,0,92,272
4858,346,0,0,0
4859,324,0,160,464
4860,755,0,1378,3777
4861,211,0,23,64
4862,197,0,96,276
4863,54,0,0,0
4864,99,0,122,363
4865,147,0,0,0
4866,753,0,337,981
4867,71,0,49,141
4868,69,0,0,0
4869,132,0,25,69
4870,752,0,198,587
4871,98,0,189,543
4872,95,0,21,59
4873,69,0,76,220
4874,449,0,243,716
4875,752,0,112,329
4876,144,0,0,0
4877,40,0,83,244
4878,295,0,148,439
4879,711,0,49,142
4880,752,0,84,251
4881,752,0,177,520
4882,349,0,0,0
4883,338,0,108,310
4884,550,0,0,0
4885,442,0,0,0
4886,209,0,0,0
4887,267,0,0,0
4888,256,0,110,320
4889,36,0,80,224
4890,95,0,0,0
4891,272,0,0,0
4892,84,0,0,0
4893,67,0,0,0
4894,223,0,0,0
4895,165,0,19,51
4896,106,0,289,837
4897,395,0,392,1135
4898,576,0,0,0
4899,95,0,113,325
4900,346,0,52,146
4901,303,0,174,507
4902,97,0,0,0
4903,217,0,0,0
4904,378,0,68,193
4905,753,0,77,230
4906,326,0,0,0
4907,752,0,624,1832
4908,477,0,278,809
4909,141,0,0,0
4910,656,0,0,0
4911,752,0,142,414
4912,752,0,377,1099
4913,202,0,73,202
4914,660,0,16,43
4915,752,0,300,875
4916,318,0,312,905
4917,421,0,52,151
4918,508,0,0,0
4919,752,0,208,616
4920,577,0,118,344
4921,34,0,140,404
4922,334,0,0,0
4923,50,0,86,258
4924,108,0,0,0
4925,69,0,79,228
4926,255,0,0,0
4927,526,0,18,50
4928,753,0,82,246
4929,752,0,317,937
4930,448,0,108,314
4931,65,0,80,231
4932,405,0,217,623
4933,600,0,180,523
4934,223,0,88,260
4935,202,0,117,348
4936,211,0,667,1882
4937,139,0,77,223
4938,233,0,0,0
4939,84,0,0,0
4940,134,0,0,0
4941,754,0,338,990
4942,249,0,137,397
4943,83,0,0,0
4944,144,0,174,505
4945,143,0,0,0
4946,752,0,112,330
4947,235,0,147,435
4948,234,0,0,0
4949,357,0,0,0
4950,489,0,0,0
4951,753,0,169,496
4952,371,0,214,620
4953,157,0,0,0
4954,461,0,321,928
4955,84,0,0,0
4956,186,0,0,0
4957,754,0,159,469
4958,401,0,0,0
4959,165,0,0,0
4960,38,0,108,312
4961,173,0,154,443
4962,339,0,22,60
4963,81,0,134,388
4964,98,0,180,521
4965,172,0,0,0
4966,183,0,166,482
4967,213,0,13,35
4968,224,0,19,53
4969,96,0,0,0
4970,165,0,781,2222
4971,269,0,72,207
4972,306,0,473,1375
4973,55,0,0,0
4974,60,0,416,1211
4975,97,0,0,0
4976,107,0,14,38
4977,752,0,82,247
4978,166,0,0,0
4979,143,0,0,0
4980,453,0,33,92
4981,179,0,0,0
4982,129,0,0,0
4983,53,0,377,1095
4984,177,0,0,0
4985,294,0,0,0
4986,675,0,0,0
4987,93,0,0,0
4988,106,0,118,343
4989,431,0,0,0
4990,233,0,78,223
4991,47,0,0,0
4992,96,0,178,512
4993,531,0,90,259
4994,505,0,0,0
4995,106,0,0,0
4996,404,0,111,322
4997,743,0,95,238
4998,411,0,98,280
4999,752,0,224,657
5000,152,0,154,443
5001,95,0,0,0
5002,136,0,424,1204
5003,77,0,116,339
5004,92,0,21,57
5005,99,0,82,241
5006,301,0,20,55
5007,351,0,57,167
5008,44,0,201,583
5009,260,0,117,341
5010,752,0,282,824
5011,752,0,150,444
5012,752,0,121,360
5013,97,0,84,253
5014,752,0,158,469
5015,169,0,86,252
5016,81,0,0,0
5017,752,0,230,674
5018,514,0,0,0
5019,665,0,110,313
5020,170,0,91,257
5021,752,0,88,264
5022,752,0,79,238
5023,100,0,154,446
5024,183,0,93,273
5025,95,0,149,428
5026,416,0,492,1406
5027,130,0,1100,3106
5028,66,0,0,0
5029,752,0,665,1936
5030,752,0,152,444
5031,191,0,14,37
5032,280,0,0,0
5033,752,0,105,310
5034,155,0,512,1445
5035,356,0,114,323
5036,202,0,0,0
5037,256,0,104,300
5038,149,0,0,0
5039,752,0,297,872
5040,240,0,117,342
5041,35,0,0,0
5042,317,0,1283,3648
5043,75,0,0,0
5044,637,0,106,301
5045,65,0,156,442
5046,191,0,0,0
5047,752,0,119,353
5048,83,0,85,247
5049,205,0,0,0
5050,260,0,84,243
5051,96,0,318,928
5052,390,0,0,0
5053,752,0,850,2411
5054,265,0,294,851
5055,123,0,80,229
5056,148,0,14,38
5057,134,0,376,1099
5058,516,0,0,0
5059,98,0,0,0
5060,144,0,110,328
5061,42,0,107,311
5062,753,0,164,482
5063,752,0,79,237
5064,65,0,0,0
5065,266,0,360,1050
5066,74,0,0,0
5067,96,0,16,44
5068,162,0,0,0
5069,79,0,203,585
5070,752,0,563,1642
5071,49,0,16,42
5072,196,0,207,605
5073,40,0,20,56
5074,484,0,0,0
5075,753,0,172,508
5076,152,0,1465,4186
5077,454,0,140,405
5078,294,0,87,256
5079,96,0,0,0
5080,137,0,53,155
5081,341,0,0,0
5082,752,0,115,341
5083,463,0,0,0
5084,752,0,175,515
5085,99,0,119,345
5086,242,0,113,330
5087,752,0,450,1318
5088,381,0,20,55
5089,245,0,20,54
5090,548,0,243,708
5091,752,0,81,242
5092,160,0,20,54
5093,739,0,1968,5555
5094,287,0,495,1415
5095,535,0,0,0
5096,374,0,263,765
5097,752,0,84,251
5098,215,0,0,0
5099,393,0,0,0
5100,96,0,257,745
5101,91,0,69,197
5102,752,0,78,234
5103,96,0,112,326
5104,63,0,271,788
5105,227,0,100,286
5106,610,0,0,0
5107,448,0,0,0
5108,96,0,13,34
5109,97,0,417,1212
5110,50,0,0,0
5111,98,0,0,0
5112,489,0,0,0
5113,594,0,66,188
5114,442,0,0,0
5115,59,0,243,699
5116,376,0,0,0
5117,97,0,0,0
5118,111,0,0,0
5119,753,0,85,254
5120,253,0,0,0
5121,453,0,196,573
5122,135,0,17,45
5123,752,0,175,514
5124,325,0,87,255
5125,266,0,19,51
5126,170,0,0,0
5127,274,0,16,44
5128,346,0,0,0
5129,236,0,48,140
5130,675,0,54,156
5131,752,0,120,353
5132,294,0,0,0
5133,327,0,0,0
5134,129,0,444,1251
5135,238,0,89,262
5136,47,0,628,1799
5137,161,0,0,0
5138,195,0,2454,7036
5139,507,0,57,161
5140,752,0,245,719
5141,634,0,21,59
5142,523,0,330,933
5143,44,0,0,0
5144,635,0,19,51
5145,283,0,0,0
5146,734,0,156,368
5147,752,0,1267,3581
5148,207,0,504,1417
5149,52,0,0,0
5150,752,0,86,257
5151,176,0,131,379
5152,96,0,205,593
5153,752,0,122,362
5154,98,0,182,533
5155,132,0,0,0
5156,96,0,1013,2868
5157,102,0,0,0
5158,69,0,0,0
5159,99,0,300,864
5160,96,0,0,0
5161,239,0,56,163
5162,97,0,0,0
5163,392,0,108,316
5164,98,0,10,26
5165,161,0,111,329
5166,205,0,0,0
5167,252,0,0,0
5168,279,0,0,0
5169,95,0,0,0
5170,403,0,0,0
5171,321,0,0,0
5172,191,0,0,0
5173,752,0,122,362
5174,655,0,18,49
5175,370,0,97,279
5176,601,0,0,0
5177,752,0,91,273
5178,128,0,0,0
5179,649,0,437,1268
5180,330,0,0,0
5181,85,0,0,0
5182,96,0,0,0
5183,752,0,82,245
5184,80,0,170,491
5185,71,0,17,45
5186,533,0,80,229
5187,374,0,0,0
5188,752,0,104,304
5189,252,0,19,51
5190,99,0,114,334
5191,99,0,209,602
5192,368,0,2084,5959
5193,240,0,0,0
5194,294,0,446,1293
5195,98,0,108,310
5196,300,0,23,65
5197,752,0,149,436
5198,105,0,12,30
5199,288,0,85,256
5200,318,0,66,186
5201,648,0,433,1261
5202,140,0,180,523
5203,340,0,158,458
5204,175,0,0,0
5205,752,0,1102,3148
5206,624,0,0,0
5207,752,0,289,852
5208,95,0,0,0
5209,308,0,466,1358
5210,642,0,104,302
5211,657,0,0,0
5212,752,0,204,595
5213,392,0,0,0
5214,221,0,0,0
5215,582,0,77,219
5216,95,0,0,0
5217,350,0,203,590
5218,307,0,267,771
5219,52,0,0,0
5220,690,0,21,58
5221,752,0,81,243
5222,96,0,525,1498
5223,314,0,801,2291
5224,60,0,86,249
5225,520,0,0,0
5226,212,0,0,0
5227,200,0,43,123
5228,230,0,0,0
5229,753,0,456,1326
5230,304,0,0,0
5231,742,0,47,137
5232,95,0,82,234
5233,83,0,376,1092
5234,99,0,157,457
5235,363,0,116,334
5236,83,0,112,324
5237,398,0,0,0
5238,276,0,0,0
5239,44,0,0,0
5240,54,0,0,0
5241,351,0,109,314
5242,714,0,97,275
5243,752,0,78,234
5244,336,0,171,504
5245,752,0,84,252
5246,70,0,0,0
5247,160,0,0,0
5248,258,0,176,505
5249,228,0,51,149
5250,408,0,0,0
5251,752,0,83,250
5252,334,0,0,0
5253,263,0,0,0
5254,211,0,13,33
5255,32,0,15,39
5256,752,0,270,786
5257,385,0,78,225
5258,710,0,0,0
5259,264,0,0,0
5260,36,0,124,363
5261,592,0,0,0
5262,29,0,305,884
5263,173,0,0,0
5264,133,0,49,143
5265,67,0,21,58
5266,74,0,106,300
5267,585,0,441,1280
5268,186,0,0,0
5269,95,0,122,356
5270,33,0,76,218
5271,171,0,0,0
5272,694,0,146,426
5273,363,0,350,1014
5274,99,0,124,358
5275,34,0,467,1360
5276,93,0,0,0
5277,194,0,0,0
5278,76,0,21,57
5279,201,0,0,0
5280,140,0,23,64
5281,96,0,0,0
5282,752,0,85,255
5283,752,0,91,274
5284,549,0,0,0
5285,42,0,257,747
5286,752,0,88,264
5287,177,0,82,235
5288,376,0,74,212
5289,232,0,274,790
5290,77,0,0,0
5291,379,0,154,449
5292,90,0,72,207
5293,251,0,203,589
5294,752,0,419,1219
5295,167,0,162,470
5296,85,0,108,305
5297,158,0,16,44
5298,212,0,67,191
5299,210,0,313,914
5300,752,0,191,562
5301,207,0,0,0
5302,130,0,119,346
5303,68,0,12,30
5304,752,0,316,929
5305,651,0,0,0
5306,96,0,22,61
5307,287,0,0,0
5308,752,0,340,995
5309,222,0,0,0
5310,346,0,0,0
5311,197,0,2518,7172
5312,517,0,238,693
5313,752,0,428,1272
5314,753,0,1155,3298
5315,142,0,68,195
5316,159,0,82,236
5317,447,0,0,0
5318,107,0,0,0
5319,309,0,57,163
5320,75,0,86,253
5321,128,0,71,202
5322,299,0,85,244
5323,487,0,0,0
5324,204,0,0,0
5325,246,0,69,195
5326,619,0,256,739
5327,156,0,0,0
5328,384,0,132,378
5329,752,0,79,236
5330,45,0,0,0
5331,50,0,214,629
5332,98,0,148,439
5333,752,0,117,348
5334,36,0,0,0
5335,97,0,0,0
5336,64,0,0,0
5337,235,0,257,740
5338,593,0,89,268
5339,752,0,82,245
5340,203,0,51,149
5341,538,0,0,0
5342,181,0,0,0
5343,402,0,0,0
5344,131,0,0,0
5345,311,0,321,937
5346,517,0,170,490
5347,308,0,0,0
5348,752,0,423,1233
5349,152,0,0,0
5350,95,0,78,223
5351,752,0,165,483
5352,753,0,347,1013
5353,47,0,82,242
5354,46,0,107,311
5355,98,0,0,0
5356,293,0,84,251
5357,752,0,383,1118
5358,731,0,209,516
5359,497,0,214,624
5360,350,0,0,0
5361,752,0,244,714
5362,109,0,68,195
5363,752,0,137,406
5364,406,0,0,0
5365,70,0,181,522
5366,81,0,0,0
5367,419,0,82,236
5368,125,0,0,0
5369,753,0,435,1221
5370,432,0,96,273
5371,98,0,0,0
5372,158,0,0,0
5373,152,0,0,0
5374,92,0,0,0
5375,76,0,0,0
5376,751,0,204,586
5377,752,0,173,510
5378,741,0,177,511
5379,99,0,17,45
5380,55,0,551,1595
5381,217,0,735,2123
5382,36,0,0,0
5383,357,0,0,0
5384,88,0,0,0
5385,170,0,51,149
5386,753,0,796,2244
5387,91,0,78,224
5388,385,0,0,0
5389,97,0,0,0
5390,641,0,0,0
5391,752,0,145,424
5392,752,0,86,259
5393,752,0,89,266
5394,149,0,13,33
5395,752,0,618,1813
5396,328,0,405,1173
5397,602,0,24,67
5398,752,0,322,945
5399,293,0,110,315
5400,98,0,154,447
5401,752,0,153,447
5402,752,0,81,242
5403,96,0,130,377
5404,449,0,22,61
5405,61,0,0,0
5406,58,0,0,0
5407,282,0,142,413
5408,330,0,133,389
5409,152,0,0,0
5410,344,0,2115,6042
5411,752,0,239,701
5412,270,0,470,1376
5413,636,0,15,39
5414,306,0,0,0
5415,80,0,24,68
5416,236,0,0,0
5417,168,0,135,393
5418,283,0,727,2106
5419,130,0,789,2269
5420,401,0,0,0
5421,96,0,0,0
5422,96,0,329,962
5423,260,0,0,0
5424,86,0,17,45
5425,225,0,0,0
5426,752,0,84,252
5427,509,0,113,324
5428,752,0,85,254
5429,426,0,0,0
5430,96,0,0,0
5431,313,0,109,311
5432,221,0,274,796
5433,684,0,160,466
5434,621,0,167,492
5435,239,0,0,0
5436,752,0,292,858
5437,344,0,263,758
5438,498,0,0,0
5439,354,0,230,665
5440,227,0,0,0
5441,220,0,126,368
5442,749,0,156,457
5443,667,0,278,802
5444,49,0,201,577
5445,151,0,74,211
5446,737,0,601,1688
5447,224,0,124,366
5448,556,0,441,1274
5449,754,0,78,234
5450,436,0,83,240
5451,488,0,0,0
5452,752,0,277,811
5453,558,0,0,0
5454,534,0,0,0
5455,752,0,87,261
5456,88,0,121,351
5457,247,0,18,49
5458,92,0,0,0
5459,314,0,0,0
5460,132,0,120,346
5461,97,0,85,250
5462,95,0,237,682
5463,752,0,87,262
5464,96,0,55,160
5465,606,0,0,0
5466,96,0,357,1029
5467,95,0,447,1308
5468,57,0,80,230
5469,96,0,0,0
5470,81,0,221,639
5471,216,0,172,507
5472,309,0,79,227
5473,439,0,56,163
5474,753,0,194,572
5475,138,0,0,0
5476,327,0,105,299
5477,752,0,85,256
5478,752,0,402,1174
5479,309,0,23,65
5480,133,0,0,0
5481,222,0,48,134
5482,657,0,0,0
5483,283,0,238,695
5484,144,0,126,368
5485,136,0,270,779
5486,88,0,119,352
5487,753,0,83,250
5488,278,0,0,0
5489,195,0,0,0
5490,473,0,0,0
5491,242,0,15,40
5492,98,0,0,0
5493,127,0,0,0
5494,140,0,19,53
5495,338,0,0,0
5496,98,0,0,0
5497,174,0,25,71
5498,243,0,0,0
5499,50,0,0,0
5500,752,0,85,256
5501,35,0,0,0
5502,134,0,20,56
5503,237,0,16,43
5504,752,0,352,1029
5505,301,0,0,0
5506,96,0,251,727
5507,525,0,71,204
5508,584,0,19,51
5509,473,0,0,0
5510,97,0,0,0
5511,220,0,0,0
5512,96,0,85,249
5513,752,0,146,425
5514,57,0,100,301
5515,213,0,17,45
5516,290,0,0,0
5517,83,0,0,0
5518,438,0,0,0
5519,752,0,90,270
5520,331,0,46,127
5521,390,0,959,2771
5522,331,0,226,671
5523,72,0,84,248
5524,446,0,0,0
5525,752,0,114,336
5526,385,0,0,0
5527,34,0,83,250
5528,98,0,0,0
5529,336,0,85,251
5530,98,0,0,0
5531,290,0,340,983
5532,306,0,89,262
5533,581,0,0,0
5534,752,0,452,1314
5535,86,0,132,380
5536,52,0,0,0
5537,164,0,0,0
5538,752,0,87,261
5539,176,0,0,0
5540,82,0,219,634
5541,214,0,261,755
5542,521,0,47,132
5543,99,0,97,281
5544,167,0,107,310
5545,190,0,67,191
5546,223,0,141,396
5547,130,0,0,0
5548,148,0,204,589
5549,589,0,305,882
5550,78,0,18,48
5551,330,0,234,681
5552,752,0,89,267
5553,244,0,104,295
5554,546,0,113,330
5555,89,0,0,0
5556,95,0,999,2865
5557,177,0,0,0
5558,249,0,284,822
5559,752,0,93,278
5560,61,0,0,0
5561,255,0,80,236
5562,77,0,24,66
5563,352,0,81,239
5564,397,0,448,1295
5565,318,0,0,0
5566,225,0,126,361
5567,488,0,0,0
5568,322,0,87,247
5569,248,0,0,0
5570,215,0,0,0
5571,752,0,529,1528
5572,752,0,131,388
5573,149,0,0,0
5574,337,0,65,184
5575,98,0,0,0
5576,661,0,0,0
5577,152,0,105,305
5578,51,0,254,734
5579,132,0,213,616
5580,240,0,87,249
5581,428,0,66,186
5582,191,0,745,2108
5583,464,0,54,156
